"event_id","disaster_type","location","severity_level","estimated_damage","affected_population"
19893,"Earthquake","Japan",10,14305487.12,57397
5518,"Wildfire","Turkey",10,11979649.24,55164
19901,"Hurricane","Philippines",10,8349854.94,45855
14792,"Wildfire","USA",10,7455822.4,42441
19905,"Landslide","Japan",10,4806958.65,52734
16573,"Volcanic Eruption","Italy",10,11371751.79,55936
19912,"Hurricane","India",10,10082420.03,48916
14793,"Landslide","India",10,7909145.19,42012
13265,"Wildfire","Indonesia",10,7944813.28,38290
19927,"Landslide","Philippines",10,10797246.92,40228
19928,"Volcanic Eruption","USA",10,8591172.6,38423
19929,"Drought","Turkey",10,14513943.84,55989
13479,"Earthquake","Indonesia",10,13212874.01,49215
6648,"Flood","Japan",10,14233426.98,57203
16607,"Flood","Turkey",10,3508738.24,39618
6649,"Landslide","Chile",10,6870796.45,41048
14803,"Wildfire","Japan",10,4721300.69,49111
14806,"Wildfire","India",10,11584691.48,41051
19964,"Volcanic Eruption","India",10,10860640.48,47035
1624,"Wildfire","Japan",10,7721423.05,38242
14815,"Landslide","Turkey",10,6928098.29,43033
14819,"Wildfire","Japan",10,9401788.35,45301
591,"Earthquake","Turkey",10,7874557.96,49323
6655,"Volcanic Eruption","Philippines",10,10949776.88,50616
19986,"Volcanic Eruption","Japan",10,11180534.25,50563
6659,"Hurricane","Italy",10,10953551.28,55730
6666,"Earthquake","Italy",10,9082287.17,36831
13944,"Drought","Italy",10,14232270.22,56160
16626,"Wildfire","USA",10,12160324.37,48086
5534,"Hurricane","Turkey",10,3813229.34,37792
6677,"Landslide","Turkey",10,8593852.66,51053
1822,"Earthquake","Chile",10,12047671.25,53010
13484,"Volcanic Eruption","Philippines",10,4266096.12,42786
6686,"Flood","USA",10,2497524.86,48016
6698,"Earthquake","India",10,1831457.31,32759
592,"Wildfire","Chile",10,13787943.64,50363
5540,"Landslide","Chile",10,9511460.08,50988
727,"Landslide","Indonesia",10,13259066.74,46590
6707,"Earthquake","USA",10,5714912.65,47215
4690,"Flood","Indonesia",10,11058136.52,41555
2261,"Flood","India",10,5831239.56,46046
6710,"Volcanic Eruption","Indonesia",10,12202604.71,41307
16660,"Flood","Italy",10,4719615.06,57693
5017,"Drought","Indonesia",10,4825707.89,62815
2267,"Volcanic Eruption","USA",10,8845567.57,47497
5544,"Landslide","Japan",10,14294131.57,48294
14839,"Landslide","USA",10,7990237.17,38825
6725,"Earthquake","Chile",10,9171354.22,35275
44,"Volcanic Eruption","Indonesia",10,8302754.94,47569
13955,"Earthquake","India",10,10941353.76,57149
6739,"Landslide","USA",10,7701089.63,42306
16674,"Hurricane","Indonesia",10,14905544.82,50863
16675,"Flood","India",10,12574128.11,51063
14842,"Drought","Italy",10,6618934.65,56169
14843,"Drought","India",10,10203349.53,34733
741,"Flood","Japan",10,8420250.47,28263
14849,"Volcanic Eruption","Chile",10,3877219.86,39777
16683,"Earthquake","India",10,11889032.39,51678
5551,"Wildfire","Indonesia",10,13362238.79,53319
16692,"Wildfire","Japan",10,4575206.36,58559
16698,"Landslide","Italy",10,10152523.35,44458
2287,"Drought","Indonesia",10,10597922.47,38817
13959,"Volcanic Eruption","Philippines",10,12613430.26,56896
6791,"Hurricane","USA",10,10423308.84,50507
13965,"Flood","USA",10,4143312.93,44814
16712,"Earthquake","India",10,3136320.08,50553
6798,"Wildfire","Philippines",10,11250412.08,43712
2291,"Volcanic Eruption","USA",10,4797236.85,34359
16715,"Earthquake","Indonesia",10,7891421.41,56971
2296,"Hurricane","India",10,6668705.54,55074
6811,"Wildfire","Italy",10,12128222.64,58585
455,"Flood","USA",10,12414174.82,60445
6819,"Drought","Turkey",10,2734344.51,48781
2306,"Volcanic Eruption","Philippines",10,11788763.7,47653
16722,"Hurricane","Chile",10,12796784.47,45519
6834,"Earthquake","Chile",10,9666329.05,40546
2310,"Volcanic Eruption","USA",10,8190879.78,41383
6842,"Flood","Turkey",10,7992612.4,54902
6844,"Flood","Japan",10,4288588.95,49448
5558,"Wildfire","Turkey",10,4984222.31,59823
488,"Hurricane","Chile",10,12264656.26,49550
2311,"Landslide","Indonesia",10,14550800.42,51970
6853,"Hurricane","Chile",10,7758254.74,54387
14865,"Hurricane","India",10,15881377.06,53282
2312,"Wildfire","USA",10,3990604.59,54215
6863,"Volcanic Eruption","Philippines",10,5079788.85,36172
5572,"Earthquake","Turkey",10,4546484.46,34152
5580,"Volcanic Eruption","India",10,9544496.72,56664
752,"Earthquake","Japan",10,2888787.85,55402
6338,"Flood","USA",10,15307164.56,53726
4789,"Flood","Japan",10,5881498.25,63257
6891,"Wildfire","India",10,9924711.18,43429
16744,"Landslide","Turkey",10,4372018.05,47784
6896,"Landslide","Chile",10,5871318.82,40742
14873,"Flood","India",10,8041412.35,39388
14876,"Hurricane","Philippines",10,10182851.39,42821
6901,"Earthquake","India",10,10913248.06,53107
5586,"Earthquake","Indonesia",10,6935346.62,39086
6908,"Volcanic Eruption","Chile",10,3963588.58,63412
2330,"Hurricane","USA",10,4447258.78,53995
13270,"Earthquake","Turkey",10,5952095.83,60027
6920,"Earthquake","Chile",10,9114154.04,38884
6927,"Landslide","Indonesia",10,3496740.37,44260
14882,"Flood","Turkey",10,6937172.0,60566
763,"Landslide","Philippines",10,9240431.4,53295
6937,"Landslide","Turkey",10,10323516.46,45048
5592,"Volcanic Eruption","India",10,15941061.19,53840
6940,"Landslide","USA",10,12859995.82,46210
14885,"Wildfire","Philippines",10,10263401.42,53233
14886,"Volcanic Eruption","Indonesia",10,6990352.13,57535
16768,"Landslide","Indonesia",10,14529573.97,48506
6949,"Hurricane","India",10,14589459.9,48645
4613,"Hurricane","Italy",10,5248453.54,53615
5596,"Volcanic Eruption","Indonesia",10,5006090.34,38388
6959,"Volcanic Eruption","Indonesia",10,4573376.29,54310
16775,"Wildfire","Philippines",10,8862526.75,47385
5606,"Volcanic Eruption","Chile",10,3040027.08,60527
14890,"Drought","Japan",10,12799403.04,55459
1832,"Drought","Turkey",10,4043974.05,48810
16787,"Landslide","USA",10,5564191.13,47542
767,"Landslide","Italy",10,3181350.59,45735
1601,"Wildfire","Philippines",10,6857126.44,45450
770,"Landslide","Indonesia",10,8891658.72,45596
13277,"Earthquake","Japan",10,12856494.79,44702
16791,"Volcanic Eruption","Indonesia",10,4041452.39,46928
6987,"Landslide","India",10,12463880.28,42979
16792,"Flood","Chile",10,13458474.51,48711
6990,"Wildfire","Turkey",10,4407798.4,45839
489,"Hurricane","Italy",10,2994148.45,50510
784,"Drought","USA",10,9892833.95,56841
2376,"Flood","Philippines",10,10203782.86,68806
16794,"Volcanic Eruption","Chile",10,14296044.83,66074
7003,"Earthquake","India",10,6891508.87,43894
14900,"Hurricane","India",10,10243351.12,60510
7009,"Earthquake","Indonesia",10,11692572.45,65660
16798,"Drought","Turkey",10,5784140.04,50524
7021,"Earthquake","Turkey",10,10423446.56,54619
16800,"Landslide","Italy",10,3604271.34,48043
1538,"Wildfire","USA",10,3121925.59,48754
2380,"Flood","Indonesia",10,5339222.02,40531
16807,"Earthquake","Italy",10,3667837.12,50340
7036,"Wildfire","Turkey",10,18504018.17,73339
788,"Volcanic Eruption","Chile",10,6939781.38,43228
14905,"Earthquake","Turkey",10,5545981.72,49971
16819,"Wildfire","Philippines",10,9895282.87,41214
7051,"Drought","Philippines",10,6833886.11,54472
7052,"Wildfire","Turkey",10,3349802.2,52478
14908,"Wildfire","Indonesia",10,3967077.25,39772
7055,"Volcanic Eruption","Chile",10,17101391.9,57082
14909,"Landslide","India",10,10970316.59,48167
471,"Earthquake","Italy",10,10303099.14,41272
16838,"Landslide","Italy",10,3431460.96,67315
16839,"Wildfire","Turkey",10,7721469.83,58860
16840,"Wildfire","USA",10,8332600.52,52679
7068,"Wildfire","Japan",10,10721919.36,42457
2383,"Volcanic Eruption","India",10,1964031.09,35856
4798,"Flood","USA",10,4421316.13,50571
5614,"Landslide","Turkey",10,11912049.53,49700
791,"Wildfire","India",10,10331179.85,45962
13998,"Earthquake","Japan",10,4970150.16,52576
7086,"Flood","Italy",10,12072045.61,58403
2388,"Hurricane","Chile",10,5497934.15,39414
16848,"Earthquake","Italy",10,10368295.18,37149
16849,"Drought","USA",10,6516277.36,39710
14918,"Earthquake","USA",10,8663161.6,45352
7100,"Landslide","India",10,13445610.23,46088
7104,"Drought","USA",10,4701404.31,50695
2405,"Wildfire","Chile",10,4143537.5,43335
14925,"Hurricane","Turkey",10,10863013.08,54414
2406,"Landslide","Philippines",10,6880241.8,36555
7132,"Hurricane","Chile",10,3929991.58,53576
811,"Hurricane","Chile",10,11105413.17,57446
14933,"Earthquake","USA",10,4259096.72,27679
5619,"Volcanic Eruption","Chile",10,1970598.17,37612
7139,"Flood","Philippines",10,7145256.14,43030
2413,"Wildfire","Philippines",10,10975981.1,50696
815,"Drought","USA",10,9923546.97,54356
16860,"Volcanic Eruption","Philippines",10,7458409.18,39696
14939,"Wildfire","Philippines",10,15490352.76,62485
7153,"Drought","USA",10,15020775.72,55051
7159,"Landslide","Italy",10,6037291.99,38521
7161,"Landslide","Indonesia",10,5350172.86,51297
16863,"Earthquake","Japan",10,7943239.2,50686
14940,"Earthquake","Italy",10,2775862.79,48943
816,"Drought","Turkey",10,8817100.52,46075
5032,"Earthquake","Italy",10,9869795.39,55300
7175,"Landslide","Philippines",10,10436983.78,45283
14001,"Flood","Turkey",10,7075654.56,58381
14002,"Earthquake","USA",10,3177070.38,46263
7186,"Volcanic Eruption","Turkey",10,4103652.67,55157
13279,"Wildfire","India",10,3073093.89,48981
4548,"Volcanic Eruption","Chile",10,5763442.53,46580
7195,"Wildfire","Indonesia",10,12826446.25,54824
7197,"Flood","Indonesia",10,13962607.36,57917
7198,"Earthquake","Chile",10,15454273.84,61368
2442,"Flood","Chile",10,12269102.37,49225
7200,"Hurricane","Indonesia",10,7442046.58,67755
237,"Flood","Philippines",10,12728005.1,46756
7206,"Wildfire","India",10,11421132.58,42692
14020,"Drought","India",10,14615269.55,51149
2455,"Drought","USA",10,5392277.71,59403
16885,"Drought","India",10,4682378.74,36734
16900,"Landslide","Indonesia",10,3825941.47,62225
7227,"Volcanic Eruption","USA",10,4798060.47,54348
16901,"Hurricane","Chile",10,14946618.12,59446
4534,"Drought","Chile",10,15020429.97,55905
7237,"Hurricane","Chile",10,5463466.24,51595
7244,"Drought","Chile",10,12545784.97,42811
7246,"Hurricane","Indonesia",10,8997414.57,59562
2456,"Drought","India",10,12680340.19,54656
2459,"Earthquake","Turkey",10,18682878.72,64165
7255,"Drought","Italy",10,13202085.3,62219
7260,"Hurricane","Indonesia",10,10968088.37,46280
238,"Hurricane","USA",10,7631210.32,50089
7273,"Flood","Indonesia",10,5697875.68,57388
7274,"Volcanic Eruption","Italy",10,4416267.73,40697
7279,"Hurricane","Indonesia",10,3833621.32,58939
14029,"Earthquake","Turkey",10,3118575.68,46837
16909,"Landslide","Chile",10,12109404.22,43769
7287,"Earthquake","Indonesia",10,4648331.52,51814
827,"Wildfire","Philippines",10,6873328.69,59062
5630,"Volcanic Eruption","Italy",10,16393436.17,55201
2482,"Wildfire","Italy",10,8068812.36,53364
7300,"Drought","Indonesia",10,16782033.19,56112
16917,"Hurricane","Japan",10,14740558.79,62418
16918,"Hurricane","Japan",10,10108061.05,34683
7304,"Flood","Turkey",10,5292085.09,43842
7306,"Wildfire","Philippines",10,10166899.43,39486
13081,"Landslide","Italy",10,11014290.02,43996
1855,"Earthquake","Turkey",10,4717246.23,43774
14990,"Flood","Turkey",10,8601490.91,55414
494,"Drought","Turkey",10,11455834.3,43387
7327,"Landslide","Philippines",10,12640815.49,52858
2495,"Volcanic Eruption","USA",10,11207866.02,49432
16930,"Flood","Philippines",10,4247013.27,57212
7333,"Drought","India",10,10577948.8,43880
14037,"Hurricane","Turkey",10,9068415.27,41825
2499,"Drought","Japan",10,14919621.55,62108
16938,"Flood","Chile",10,6787753.81,48515
2500,"Landslide","Philippines",10,15233102.67,63038
15005,"Hurricane","Turkey",10,12758568.59,47292
5639,"Volcanic Eruption","Japan",10,12432028.59,45126
2506,"Wildfire","Chile",10,7237507.44,48794
13524,"Wildfire","Japan",10,16417537.18,57246
7358,"Volcanic Eruption","Indonesia",10,12432561.88,47869
16958,"Volcanic Eruption","Italy",10,9334131.14,51613
15014,"Wildfire","Japan",10,6382895.36,50181
16969,"Volcanic Eruption","Turkey",10,11688182.73,40014
7368,"Volcanic Eruption","Japan",10,9267410.46,55476
5042,"Landslide","Japan",10,13368794.51,45819
7373,"Earthquake","Chile",10,5035665.11,38350
7374,"Hurricane","Italy",10,7863342.54,52471
7375,"Flood","Chile",10,4904635.11,55045
7387,"Flood","Philippines",10,11853757.28,55953
2520,"Hurricane","Indonesia",10,4556400.3,47186
14040,"Flood","Indonesia",10,12171540.22,48056
7400,"Drought","Italy",10,11844407.19,41320
7402,"Landslide","Chile",10,11141180.32,48326
2525,"Earthquake","Chile",10,3065290.32,47755
7409,"Landslide","USA",10,9159500.62,35275
2530,"Hurricane","Turkey",10,3451212.73,49330
7411,"Earthquake","Turkey",10,15893150.35,53461
841,"Hurricane","Italy",10,11258601.25,45996
7425,"Earthquake","Turkey",10,6324423.85,60221
2536,"Volcanic Eruption","Turkey",10,9125910.8,44165
13530,"Volcanic Eruption","Japan",10,10333795.82,46972
842,"Landslide","India",10,14227528.07,55310
7441,"Drought","Indonesia",10,10535345.32,42816
2539,"Hurricane","Turkey",10,4738506.58,44143
13532,"Drought","USA",10,10606116.65,44840
7451,"Volcanic Eruption","Indonesia",10,10195711.01,53487
16986,"Hurricane","Chile",10,5706776.51,51180
1430,"Landslide","Turkey",10,6950178.98,40309
7460,"Earthquake","Indonesia",10,9159418.18,51306
2544,"Wildfire","Turkey",10,6292223.17,59708
14053,"Volcanic Eruption","Philippines",10,4993164.04,61293
13292,"Volcanic Eruption","Turkey",10,8809271.94,42545
2549,"Drought","Turkey",10,10968661.64,47091
2550,"Wildfire","Philippines",10,7126604.61,47626
7474,"Drought","Turkey",10,3342312.32,58480
1875,"Wildfire","Italy",10,15103713.29,52386
5043,"Drought","USA",10,5874412.87,44852
7484,"Flood","India",10,11675866.09,55828
5668,"Drought","Indonesia",10,4361500.85,39416
4808,"Volcanic Eruption","Turkey",10,13981832.12,62664
60,"Hurricane","Italy",10,9524548.19,59609
15044,"Landslide","Philippines",10,13139996.64,63690
7494,"Drought","India",10,8280468.75,63832
846,"Flood","Philippines",10,8500478.48,45291
542,"Volcanic Eruption","India",10,11012037.0,54688
7506,"Landslide","Turkey",10,3536752.64,49325
4814,"Hurricane","India",10,7297148.54,50824
1883,"Hurricane","Italy",10,4872513.44,59682
2557,"Landslide","India",10,11514337.57,52519
17031,"Wildfire","Japan",10,11505672.24,42810
15049,"Drought","Indonesia",10,15347528.81,57088
1545,"Drought","Indonesia",10,10799415.15,52133
2568,"Volcanic Eruption","Philippines",10,8201306.97,53175
7523,"Wildfire","Turkey",10,12935835.21,72520
17038,"Wildfire","Philippines",10,11753404.88,61138
7533,"Drought","Turkey",10,9194377.79,44345
17049,"Wildfire","Turkey",10,7537147.21,36998
15057,"Hurricane","Turkey",10,8743462.61,58754
7556,"Hurricane","India",10,4126771.28,50011
7559,"Volcanic Eruption","Chile",10,13323487.77,46585
13294,"Earthquake","Turkey",10,6841935.42,46802
7566,"Drought","Japan",10,9235801.01,52557
7567,"Volcanic Eruption","Chile",10,5833114.75,49557
5697,"Landslide","Japan",10,6494538.91,52512
17072,"Wildfire","Italy",10,2979852.9,46606
17073,"Earthquake","Japan",10,18584372.1,62954
7597,"Flood","Indonesia",10,6574418.85,50756
15063,"Wildfire","Turkey",10,6000244.26,39185
7601,"Wildfire","Italy",10,9279279.33,41538
1547,"Landslide","USA",10,10382709.99,56474
7606,"Hurricane","Japan",10,9907844.33,39273
5698,"Drought","Chile",10,7936002.81,47898
7611,"Hurricane","India",10,8380298.16,53602
5054,"Wildfire","Italy",10,2388419.3,46380
7619,"Landslide","Italy",10,14315939.97,51700
4617,"Wildfire","India",10,5555451.22,46732
17091,"Flood","Japan",10,7252641.76,45512
15082,"Volcanic Eruption","Philippines",10,6937021.2,56250
13123,"Drought","Italy",10,13200094.65,48870
2579,"Volcanic Eruption","India",10,3168476.77,55047
7639,"Wildfire","USA",10,4866173.43,51214
15085,"Earthquake","Italy",10,2444292.86,41956
2584,"Volcanic Eruption","Italy",10,9790836.8,45213
5701,"Drought","Japan",10,9852984.14,32883
5704,"Drought","Turkey",10,15094309.7,63298
2598,"Earthquake","Turkey",10,8087429.25,53603
2601,"Drought","India",10,2873916.57,55959
15088,"Earthquake","India",10,11494181.48,51397
17111,"Earthquake","Chile",10,8339845.38,53698
7663,"Hurricane","Indonesia",10,15703055.72,63262
7668,"Wildfire","Chile",10,8544461.91,28982
1889,"Volcanic Eruption","Chile",10,12998483.92,47030
7672,"Landslide","Turkey",10,4462222.15,42816
13551,"Hurricane","Indonesia",10,2832042.05,49954
17126,"Earthquake","Japan",10,4389577.45,38611
15100,"Hurricane","India",10,9606480.63,53397
17128,"Drought","Indonesia",10,5683364.85,56904
7697,"Wildfire","Philippines",10,9052717.25,68611
14086,"Flood","Philippines",10,8324587.68,68297
14093,"Wildfire","Chile",10,8715205.1,44010
17135,"Earthquake","Indonesia",10,13739985.72,54329
65,"Wildfire","Turkey",10,3723151.48,55379
7711,"Volcanic Eruption","Philippines",10,3949938.0,45732
17139,"Landslide","Chile",10,11775230.58,52282
4619,"Volcanic Eruption","USA",10,2391726.13,46083
7715,"Flood","USA",10,3994743.74,38023
7716,"Wildfire","Japan",10,10570563.37,51458
2622,"Landslide","India",10,12666230.13,44750
2640,"Drought","Japan",10,8920132.16,40964
2642,"Landslide","Indonesia",10,2330301.55,41771
15120,"Drought","Chile",10,13370749.54,49854
5063,"Drought","India",10,12975034.85,57141
17152,"Flood","Japan",10,8668521.34,47121
7747,"Hurricane","Italy",10,15118805.92,57529
17166,"Wildfire","USA",10,5367211.71,50777
17171,"Earthquake","USA",10,14464773.25,59527
15135,"Volcanic Eruption","Philippines",10,11802559.01,47729
7760,"Earthquake","Philippines",10,6658468.56,62900
15136,"Wildfire","Japan",10,12434588.87,44007
7764,"Wildfire","USA",10,6711465.83,47204
2651,"Hurricane","USA",10,12029112.0,47230
15137,"Volcanic Eruption","Philippines",10,6118653.06,50033
2656,"Earthquake","Indonesia",10,12995731.01,46848
17179,"Landslide","Indonesia",10,13537242.02,64679
473,"Wildfire","Turkey",10,10202963.07,49364
5718,"Volcanic Eruption","Indonesia",10,7390938.94,56178
860,"Earthquake","USA",10,8675637.36,69678
5067,"Earthquake","Turkey",10,3416870.33,34773
15145,"Earthquake","India",10,9732919.68,47725
7800,"Drought","India",10,11712126.19,55922
15147,"Wildfire","Italy",10,7013967.76,37576
2679,"Earthquake","Philippines",10,8923288.49,49564
13557,"Volcanic Eruption","India",10,11654546.48,47797
17213,"Landslide","USA",10,5625018.39,47779
7814,"Wildfire","USA",10,5640153.01,56735
4824,"Drought","Turkey",10,4193838.95,28705
13306,"Earthquake","USA",10,6559060.09,42057
7831,"Wildfire","USA",10,2255916.14,39761
1462,"Wildfire","Indonesia",10,7400136.11,42818
15162,"Flood","Philippines",10,4583245.89,33858
7849,"Earthquake","Philippines",10,2946743.26,49103
15166,"Drought","Japan",10,6331262.06,58063
17228,"Landslide","Philippines",10,5690024.06,48662
5074,"Flood","USA",10,8614155.0,51204
7861,"Volcanic Eruption","USA",10,6599617.28,46118
15175,"Hurricane","Chile",10,10172444.97,56568
7866,"Landslide","Turkey",10,3735502.84,50411
2694,"Volcanic Eruption","Chile",10,12158582.6,55173
13566,"Drought","Turkey",10,7877260.61,45242
5077,"Wildfire","Turkey",10,12865383.13,61543
17248,"Landslide","Chile",10,11441294.03,60583
17250,"Wildfire","Turkey",10,8931116.38,38607
17253,"Volcanic Eruption","Japan",10,5083211.94,56792
7884,"Flood","Indonesia",10,11678207.86,47303
17255,"Volcanic Eruption","Japan",10,7143186.25,36971
17256,"Flood","Indonesia",10,2118987.0,40450
7889,"Drought","Indonesia",10,10926012.77,53674
15182,"Landslide","USA",10,11203142.28,43413
14130,"Flood","Italy",10,3305797.36,46436
4827,"Earthquake","Japan",10,10553892.18,53603
7895,"Wildfire","USA",10,9010967.29,36311
17292,"Landslide","Turkey",10,4101469.78,56415
17294,"Drought","Italy",10,6719753.67,38849
7903,"Wildfire","Japan",10,5501790.11,41979
2716,"Drought","USA",10,6897988.8,55221
2718,"Earthquake","India",10,7721313.66,36205
17295,"Wildfire","USA",10,7773224.26,41837
7914,"Hurricane","USA",10,6695424.63,47568
17297,"Volcanic Eruption","India",10,9111762.73,50424
13567,"Volcanic Eruption","Italy",10,10106695.93,39583
17307,"Landslide","Indonesia",10,5952649.03,49472
17308,"Wildfire","Japan",10,5283668.53,48696
2725,"Drought","Chile",10,6612477.15,52311
862,"Earthquake","Japan",10,15232395.99,51110
15201,"Flood","USA",10,7604768.14,33389
2732,"Hurricane","Philippines",10,17362130.5,58201
17313,"Volcanic Eruption","Italy",10,4266551.42,43894
14138,"Drought","USA",10,5895271.99,31065
7952,"Volcanic Eruption","USA",10,10802562.83,45912
5089,"Flood","Indonesia",10,4782981.14,43596
459,"Earthquake","Indonesia",10,5423414.33,42069
2739,"Landslide","India",10,13026672.31,44553
5093,"Volcanic Eruption","Italy",10,10896616.95,45648
15209,"Volcanic Eruption","Indonesia",10,15278603.71,58786
7991,"Earthquake","India",10,8838826.63,55819
7992,"Drought","Italy",10,9454040.19,67674
7993,"Wildfire","USA",10,13082472.63,47468
7995,"Earthquake","India",10,8514854.56,48588
8007,"Earthquake","Japan",10,8807717.54,44571
15210,"Drought","USA",10,9643661.99,47827
13321,"Landslide","Italy",10,7901509.89,44524
496,"Volcanic Eruption","Italy",10,8043257.87,35734
8014,"Volcanic Eruption","Japan",10,5703267.1,46248
2750,"Hurricane","Turkey",10,13238025.0,58956
4844,"Drought","USA",10,3935536.52,57531
2751,"Volcanic Eruption","Philippines",10,12107460.78,69178
17359,"Hurricane","Indonesia",10,8684006.05,49732
8048,"Hurricane","Chile",10,12598545.54,47387
2752,"Earthquake","India",10,3667117.04,56926
2753,"Volcanic Eruption","Indonesia",10,3674914.11,42069
5752,"Hurricane","Chile",10,7155532.29,45546
8057,"Wildfire","Philippines",10,9535170.36,44336
8062,"Hurricane","India",10,7100023.33,46503
8063,"Hurricane","Indonesia",10,14193176.63,51929
2758,"Wildfire","Chile",10,15274432.8,60347
17365,"Wildfire","India",10,5369126.95,66793
17367,"Wildfire","Turkey",10,12170592.45,40911
13577,"Hurricane","Turkey",10,4944460.82,58872
8075,"Landslide","Japan",10,4111867.11,50460
15236,"Landslide","Turkey",10,13220419.19,51890
5756,"Landslide","Indonesia",10,5369497.54,48170
17378,"Hurricane","USA",10,6734517.02,48967
13580,"Wildfire","Italy",10,9117425.57,38689
15242,"Earthquake","Philippines",10,14701526.39,50001
15243,"Wildfire","Philippines",10,5311028.32,46868
8095,"Earthquake","Indonesia",10,13877860.88,58073
5765,"Flood","Turkey",10,16993156.74,62490
17389,"Volcanic Eruption","Turkey",10,7679505.43,43651
8106,"Flood","Japan",10,14885866.5,50060
8107,"Earthquake","Japan",10,3033908.83,53101
5768,"Landslide","Chile",10,8491663.5,57975
5104,"Hurricane","USA",10,2722716.06,48740
17403,"Hurricane","Italy",10,7908283.09,36246
13582,"Flood","Japan",10,10665532.38,58889
17408,"Hurricane","Italy",10,4282052.65,48996
877,"Landslide","Italy",10,3401930.02,61195
17409,"Landslide","USA",10,15233092.29,60731
14160,"Volcanic Eruption","Japan",10,17930217.05,75147
2796,"Earthquake","Indonesia",10,5781471.79,46775
2800,"Drought","USA",10,12299228.41,48323
2806,"Landslide","Chile",10,10805756.35,54193
14162,"Flood","Turkey",10,13227763.52,48082
8163,"Volcanic Eruption","Turkey",10,3804771.08,52378
5773,"Wildfire","Indonesia",10,5511987.53,58218
17423,"Volcanic Eruption","Italy",10,15131377.8,55117
15264,"Hurricane","Indonesia",10,3091781.71,45357
8176,"Landslide","India",10,8345483.99,37316
15266,"Earthquake","Chile",10,13540154.2,67524
5124,"Landslide","India",10,8978743.58,51711
15270,"Landslide","India",10,8079587.2,42451
2820,"Wildfire","Japan",10,3798122.59,51145
8197,"Volcanic Eruption","Philippines",10,5232142.32,48928
8212,"Volcanic Eruption","Turkey",10,12718944.33,47482
2821,"Hurricane","Japan",10,6806359.13,51091
8220,"Earthquake","USA",10,11368249.65,44941
5774,"Landslide","Philippines",10,14310139.86,58986
8226,"Earthquake","Philippines",10,7142350.37,36996
885,"Volcanic Eruption","Indonesia",10,8324107.48,54720
17448,"Wildfire","Turkey",10,6111606.84,38803
8231,"Drought","Turkey",10,14401940.65,54634
8237,"Hurricane","India",10,2947208.86,40128
17452,"Hurricane","India",10,5356416.45,54181
8243,"Drought","Italy",10,3628277.9,54072
15271,"Earthquake","Indonesia",10,3548251.07,61010
5775,"Flood","Philippines",10,4758046.09,44770
8255,"Drought","Philippines",10,7350685.3,41894
8258,"Drought","USA",10,3251459.09,47280
17460,"Flood","Turkey",10,7726629.35,39546
17461,"Volcanic Eruption","India",10,6090082.86,34759
4713,"Volcanic Eruption","Japan",10,10851068.65,38025
8273,"Drought","Italy",10,6752915.78,40383
8275,"Wildfire","USA",10,9323906.27,43521
13048,"Hurricane","USA",10,13100429.6,58350
8281,"Landslide","India",10,7445873.87,51513
8283,"Wildfire","Philippines",10,11910816.61,47672
8284,"Wildfire","Japan",10,10440571.21,59688
17474,"Flood","Indonesia",10,5958210.9,64021
8292,"Volcanic Eruption","Philippines",10,5641885.46,44776
8297,"Hurricane","Philippines",10,13111278.85,52692
15290,"Volcanic Eruption","Indonesia",10,4938119.34,49196
8307,"Hurricane","Indonesia",10,11531975.82,48122
8308,"Volcanic Eruption","Chile",10,11254370.59,54769
13589,"Flood","Indonesia",10,2715048.09,46760
17492,"Wildfire","Chile",10,9661641.01,55102
8313,"Hurricane","Japan",10,5268488.18,51593
15293,"Wildfire","Indonesia",10,4281531.79,39361
5786,"Earthquake","Philippines",10,8297822.29,52078
8327,"Volcanic Eruption","Chile",10,12447415.7,51891
17501,"Earthquake","Chile",10,3256460.81,63140
5130,"Volcanic Eruption","India",10,3870691.37,54556
17522,"Earthquake","Indonesia",10,13829632.8,49606
898,"Earthquake","Japan",10,6542930.82,44405
8337,"Volcanic Eruption","India",10,4488576.62,49711
899,"Landslide","Turkey",10,6794946.86,54372
8344,"Drought","Indonesia",10,6062523.05,42252
17527,"Flood","Turkey",10,4470452.75,45195
8349,"Earthquake","Philippines",10,5761331.97,58672
8350,"Wildfire","India",10,7935222.74,32682
8352,"Drought","Philippines",10,6072707.15,47306
17529,"Earthquake","India",10,4094919.66,43455
8360,"Flood","USA",10,7420973.46,50026
902,"Earthquake","Chile",10,3473692.55,51144
8363,"Wildfire","Japan",10,15826715.5,65971
17531,"Drought","Japan",10,13855507.11,57858
266,"Flood","Turkey",10,11142225.41,53399
1554,"Drought","Indonesia",10,11129144.05,58124
8384,"Drought","Indonesia",10,6492123.5,51144
2860,"Drought","Japan",10,4637878.26,39478
8386,"Flood","India",10,12252571.47,55653
17534,"Drought","USA",10,6174838.19,40001
17540,"Volcanic Eruption","Indonesia",10,6634100.73,50653
2876,"Volcanic Eruption","Turkey",10,9743704.28,55105
8397,"Earthquake","India",10,7683028.17,51466
17542,"Volcanic Eruption","Philippines",10,8613161.18,42732
8408,"Landslide","Philippines",10,8489642.91,48229
8412,"Drought","India",10,8556042.37,52666
15301,"Volcanic Eruption","Japan",10,3246198.57,47146
13593,"Landslide","Italy",10,6551516.25,51412
17556,"Earthquake","Turkey",10,3462582.83,54167
1558,"Volcanic Eruption","Philippines",10,6045878.94,41070
8434,"Landslide","Turkey",10,12529777.43,56048
17560,"Volcanic Eruption","Japan",10,17221436.28,60421
549,"Drought","India",10,3741805.14,54878
550,"Volcanic Eruption","USA",10,8869345.26,60907
8440,"Earthquake","USA",10,8925274.92,52827
8449,"Hurricane","Indonesia",10,5765881.09,55333
17574,"Wildfire","Turkey",10,10633115.22,51433
8459,"Earthquake","Japan",10,8342473.13,43201
17575,"Wildfire","USA",10,7187530.94,43393
2886,"Landslide","Italy",10,9681502.33,46449
17577,"Flood","Indonesia",10,8196558.45,52105
15317,"Hurricane","Turkey",10,9983091.35,47651
2890,"Flood","Chile",10,11912651.42,58976
5801,"Hurricane","Indonesia",10,10787787.77,56055
17586,"Hurricane","Japan",10,12368937.13,58406
15318,"Hurricane","Japan",10,9080028.7,45411
911,"Wildfire","Italy",10,10472381.72,59137
8486,"Flood","India",10,4461736.61,42713
8487,"Flood","Philippines",10,15960485.67,54112
14189,"Earthquake","USA",10,9909847.31,59177
8491,"Hurricane","Indonesia",10,8554885.82,49372
4716,"Flood","Philippines",10,9360082.25,55742
5806,"Drought","USA",10,12695776.05,47765
5144,"Volcanic Eruption","USA",10,8866759.19,33817
8505,"Wildfire","Philippines",10,9699306.27,48761
15335,"Volcanic Eruption","Italy",10,15175571.87,52527
2907,"Volcanic Eruption","Turkey",10,9514881.94,48095
14198,"Volcanic Eruption","Italy",10,6747648.22,52154
8519,"Flood","Turkey",10,13771545.57,53449
8521,"Landslide","Japan",10,11651869.1,44122
8523,"Flood","Japan",10,6450837.31,51850
2911,"Landslide","India",10,5600189.24,41506
17602,"Hurricane","Italy",10,2727935.79,38290
17619,"Landslide","Japan",10,4051802.87,49297
2914,"Flood","Japan",10,6438584.46,52958
14199,"Landslide","India",10,8999342.42,50791
8550,"Wildfire","Turkey",10,3580655.33,53063
2915,"Volcanic Eruption","Chile",10,5568819.08,44971
15340,"Hurricane","Turkey",10,3992698.71,60329
17634,"Hurricane","India",10,3436437.19,43719
4622,"Flood","USA",10,10491850.61,51369
912,"Flood","Italy",10,3051884.5,55434
17639,"Hurricane","Japan",10,2810455.81,49321
8578,"Hurricane","Italy",10,8684691.98,55894
8579,"Flood","Indonesia",10,9512152.57,46513
2928,"Hurricane","Chile",10,9118917.93,50704
2930,"Earthquake","Chile",10,7566640.88,51275
8601,"Hurricane","Philippines",10,3198291.27,38855
2933,"Drought","Japan",10,17372040.08,66113
915,"Hurricane","India",10,10438553.83,52646
17642,"Wildfire","Italy",10,6835735.47,38579
8614,"Landslide","USA",10,4773956.17,31883
1684,"Earthquake","Philippines",10,11188957.51,41676
916,"Landslide","Italy",10,6298792.81,52121
17648,"Drought","USA",10,11809115.03,42307
2945,"Wildfire","Japan",10,2530331.31,50138
8624,"Hurricane","Chile",10,15817660.87,52841
8632,"Landslide","Philippines",10,4001696.11,43177
17651,"Drought","India",10,8784074.17,36368
8641,"Hurricane","Turkey",10,6306150.33,44456
2946,"Flood","Philippines",10,3354074.6,49147
8651,"Hurricane","Philippines",10,5092337.52,49165
8656,"Hurricane","USA",10,12780928.25,54798
17652,"Hurricane","USA",10,4195850.96,50203
8666,"Drought","Chile",10,2297188.82,36643
8671,"Hurricane","Indonesia",10,9110336.4,49582
5816,"Hurricane","Philippines",10,5298448.79,54152
269,"Volcanic Eruption","Philippines",10,8660525.81,48943
8681,"Wildfire","Indonesia",10,10341049.75,46925
8688,"Wildfire","Philippines",10,13934396.44,50462
8691,"Landslide","USA",10,5377763.72,47282
15346,"Wildfire","Indonesia",10,3631257.49,40337
15348,"Landslide","India",10,7618119.6,43237
1927,"Landslide","Indonesia",10,13203277.28,67013
923,"Wildfire","Italy",10,12450688.25,51713
1929,"Wildfire","Italy",10,6953101.58,48639
8704,"Flood","Chile",10,9234187.64,66681
5822,"Wildfire","Japan",10,7640619.49,60397
8712,"Flood","Philippines",10,10969974.48,36958
8714,"Landslide","Philippines",10,10944748.49,37183
2964,"Volcanic Eruption","Turkey",10,6018195.08,54840
5827,"Hurricane","Turkey",10,9158488.39,35502
8723,"Drought","USA",10,3028426.71,45414
5159,"Flood","Indonesia",10,7393170.07,41777
8726,"Hurricane","Chile",10,15402994.73,55550
5829,"Flood","Italy",10,10202386.52,61539
2968,"Flood","India",10,9043965.83,42618
2975,"Drought","Italy",10,8203328.28,34773
8735,"Volcanic Eruption","India",10,6631681.35,47445
17681,"Earthquake","Philippines",10,6665144.26,49343
8752,"Wildfire","Philippines",10,12135424.6,59455
8754,"Earthquake","Chile",10,5187846.38,47694
8762,"Drought","Chile",10,12332620.16,44193
17683,"Wildfire","Japan",10,11006311.27,47710
274,"Earthquake","Japan",10,15848097.56,64557
931,"Volcanic Eruption","India",10,9651551.05,38675
2988,"Landslide","USA",10,6043064.53,56799
5830,"Volcanic Eruption","Philippines",10,5847892.57,51361
8785,"Wildfire","USA",10,13367770.25,48613
8787,"Drought","Philippines",10,5929619.3,43650
938,"Drought","USA",10,7170547.07,47843
8790,"Landslide","Philippines",10,7409245.31,46466
17687,"Earthquake","USA",10,8380157.9,38381
13605,"Drought","Turkey",10,12081915.29,52175
13136,"Landslide","Chile",10,18185075.6,63087
17705,"Drought","Chile",10,9314223.45,45757
17708,"Hurricane","Philippines",10,13174780.84,52983
17709,"Hurricane","Chile",10,7452938.0,50469
17718,"Wildfire","India",10,11340763.91,56928
17720,"Flood","Chile",10,6279717.27,43211
1933,"Landslide","India",10,10821745.26,40839
3013,"Earthquake","Philippines",10,6980110.99,46450
17727,"Landslide","Philippines",10,14055376.64,57472
942,"Drought","Indonesia",10,9003931.49,52219
8813,"Wildfire","Turkey",10,5196428.27,56600
8818,"Volcanic Eruption","Chile",10,3791449.12,46238
8819,"Drought","Philippines",10,5072032.6,40141
277,"Flood","India",10,10917497.29,42737
17730,"Flood","Philippines",10,6557762.78,36023
8829,"Volcanic Eruption","Turkey",10,10207262.99,49277
8831,"Flood","Italy",10,4448213.46,48038
8832,"Landslide","Japan",10,7310009.17,50518
3036,"Volcanic Eruption","Turkey",10,15678975.57,53878
17732,"Drought","Chile",10,9046617.92,45456
8839,"Earthquake","USA",10,10633231.87,54007
3037,"Wildfire","USA",10,14263054.35,59743
17742,"Volcanic Eruption","Turkey",10,16682855.63,61575
3039,"Drought","Chile",10,8270152.01,41849
17746,"Flood","Indonesia",10,14219054.96,67077
8861,"Flood","Turkey",10,7364816.73,48259
15364,"Earthquake","Chile",10,14298592.33,55921
5161,"Earthquake","USA",10,17254292.95,61107
554,"Hurricane","Philippines",10,15850075.84,53074
8872,"Wildfire","Chile",10,3926590.54,64588
15378,"Landslide","Philippines",10,10248446.85,54683
3045,"Landslide","USA",10,4286507.26,56933
8881,"Flood","Italy",10,4509393.84,58534
1947,"Wildfire","India",10,7498229.25,56629
8889,"Earthquake","Philippines",10,9380712.52,65610
8890,"Landslide","USA",10,12147741.38,52924
4590,"Drought","Chile",10,10793323.65,44157
3046,"Volcanic Eruption","Japan",10,8323441.79,39474
17763,"Drought","Japan",10,10745723.65,44951
3050,"Flood","Indonesia",10,12704309.25,50771
3054,"Flood","Turkey",10,3228754.37,53657
15391,"Flood","Japan",10,16294858.35,56716
8907,"Hurricane","USA",10,3891640.05,47130
8914,"Landslide","Japan",10,14280731.12,60628
1954,"Volcanic Eruption","Japan",10,11082744.89,50773
8926,"Landslide","Italy",10,13471705.0,50530
17774,"Volcanic Eruption","Chile",10,12351081.63,47036
3059,"Wildfire","Chile",10,9562421.63,46199
638,"Hurricane","India",10,12444575.02,46125
3065,"Hurricane","Indonesia",10,3877743.29,48526
17776,"Volcanic Eruption","Japan",10,17056345.72,60080
17778,"Drought","Italy",10,9194418.57,56641
3072,"Volcanic Eruption","Turkey",10,5357761.43,52236
15397,"Wildfire","Indonesia",10,7402077.12,56825
8960,"Landslide","India",10,5363382.02,54876
8962,"Earthquake","India",10,10746826.51,50118
3076,"Volcanic Eruption","Italy",10,10320461.68,47493
510,"Hurricane","India",10,12031435.28,53047
964,"Earthquake","Japan",10,13031323.3,43921
3087,"Wildfire","USA",10,5253887.73,41591
645,"Flood","Japan",10,9164155.0,58180
8973,"Wildfire","Philippines",10,6838720.22,50272
15400,"Drought","India",10,10903738.8,44923
8978,"Hurricane","USA",10,9091064.87,43743
3092,"Earthquake","Turkey",10,5968653.49,57983
8983,"Drought","India",10,10448312.94,50443
8985,"Volcanic Eruption","Chile",10,11168462.07,55804
17804,"Drought","India",10,3935597.99,52579
14238,"Drought","Italy",10,3765132.67,44759
8997,"Flood","Italy",10,16467137.13,57307
5874,"Flood","USA",10,6434221.86,53678
5875,"Flood","India",10,4941496.78,45025
971,"Landslide","India",10,8919908.7,32367
9018,"Drought","Philippines",10,2591505.61,47265
17817,"Hurricane","Indonesia",10,14110106.81,51881
5163,"Volcanic Eruption","Indonesia",10,8957355.17,41006
974,"Earthquake","Chile",10,4035320.15,63141
17821,"Hurricane","Italy",10,14955602.68,58825
13337,"Flood","Philippines",10,11636378.93,53651
17833,"Earthquake","Italy",10,7779001.86,46991
9038,"Landslide","Philippines",10,5449823.2,51503
5169,"Hurricane","Italy",10,12117755.55,54368
14249,"Landslide","USA",10,11208561.0,51841
3118,"Earthquake","Philippines",10,12329744.15,48856
1969,"Volcanic Eruption","Italy",10,8796610.87,56137
15421,"Volcanic Eruption","Chile",10,9492091.94,52605
3130,"Volcanic Eruption","Japan",10,8571297.98,47631
9050,"Volcanic Eruption","Italy",10,4785363.16,46577
5894,"Wildfire","Japan",10,17066910.95,58101
1972,"Volcanic Eruption","Indonesia",10,4258172.35,45376
9054,"Landslide","Chile",10,11475560.93,45227
5177,"Landslide","Philippines",10,2696058.22,52376
14251,"Wildfire","Indonesia",10,12905929.92,45461
5178,"Drought","Japan",10,8021116.8,50123
3142,"Drought","Japan",10,4604381.26,45159
9069,"Drought","India",10,10639875.5,41551
17877,"Landslide","Philippines",10,4963576.11,37188
17879,"Drought","Chile",10,4157251.27,50367
9086,"Wildfire","Turkey",10,9992174.28,41925
17881,"Earthquake","India",10,8259696.62,32394
9090,"Landslide","Turkey",10,9075972.4,57842
5183,"Wildfire","Chile",10,5490471.29,51759
3151,"Drought","Philippines",10,8095892.43,51301
1975,"Flood","Indonesia",10,5076039.15,48639
9108,"Wildfire","Japan",10,6466923.88,57758
9120,"Landslide","Philippines",10,6873391.64,56248
9123,"Volcanic Eruption","Indonesia",10,13429441.99,49419
3156,"Landslide","USA",10,15222616.86,59207
17889,"Earthquake","USA",10,15634823.35,54969
9133,"Volcanic Eruption","USA",10,11805431.76,50926
9141,"Volcanic Eruption","Japan",10,15158910.81,52243
9147,"Earthquake","Philippines",10,10994179.67,50894
992,"Wildfire","Chile",10,14421839.59,54989
9155,"Flood","Turkey",10,4825996.57,46808
3164,"Hurricane","USA",10,8634610.69,45760
17890,"Wildfire","Indonesia",10,2511039.11,43226
9158,"Landslide","Japan",10,11108707.26,41404
15446,"Drought","India",10,17496169.0,58354
17897,"Earthquake","Philippines",10,6228487.24,42272
3166,"Flood","India",10,9025554.54,39320
17900,"Flood","Japan",10,3499909.46,49797
15447,"Wildfire","Philippines",10,17389415.44,60820
296,"Volcanic Eruption","India",10,14010642.66,47890
17910,"Drought","USA",10,13832376.81,47559
9198,"Hurricane","Chile",10,4375827.91,47353
17912,"Flood","Italy",10,10371348.34,50714
13626,"Drought","Italy",10,4808082.84,38348
17917,"Wildfire","Italy",10,10703812.46,44328
3171,"Earthquake","Indonesia",10,6606473.07,50132
17923,"Landslide","Italy",10,13956520.27,59382
17928,"Drought","Italy",10,2294345.23,44238
4721,"Hurricane","Chile",10,3700984.76,49365
4634,"Landslide","Japan",10,8308079.61,55674
9214,"Drought","Japan",10,4512692.33,49457
14262,"Volcanic Eruption","USA",10,5018754.18,38653
9218,"Volcanic Eruption","Chile",10,12449798.85,45870
300,"Volcanic Eruption","India",10,2757767.99,53436
17935,"Landslide","Italy",10,8957402.26,38251
3185,"Landslide","Turkey",10,16859966.9,59558
3187,"Landslide","Philippines",10,6118841.27,50379
9234,"Earthquake","Japan",10,7482643.93,55835
14266,"Flood","Turkey",10,13995232.7,46833
15466,"Flood","India",10,3821980.71,55201
9243,"Drought","India",10,9323216.7,39989
17942,"Wildfire","Italy",10,4975491.36,50979
17945,"Flood","India",10,10212501.46,55332
17946,"Hurricane","Japan",10,9853091.72,44436
9254,"Earthquake","Italy",10,12073032.22,54648
9259,"Hurricane","Chile",10,5042471.18,37594
304,"Earthquake","Turkey",10,15662366.37,55484
9266,"Hurricane","Japan",10,14347929.47,52735
3223,"Hurricane","India",10,7385508.95,57789
4637,"Flood","Chile",10,8354833.03,45773
15472,"Wildfire","India",10,7280274.12,35014
5932,"Drought","USA",10,8795170.65,70448
9276,"Volcanic Eruption","Italy",10,5550823.03,46801
15474,"Volcanic Eruption","Japan",10,1999079.32,38712
9279,"Flood","USA",10,20006350.45,68278
1014,"Landslide","Turkey",10,9307247.01,51188
9281,"Hurricane","Chile",10,4282293.6,44215
1982,"Hurricane","Italy",10,2673366.9,41989
193,"Wildfire","Turkey",10,6341851.41,36128
17969,"Hurricane","Japan",10,3693953.1,38996
9294,"Flood","Italy",10,9822974.41,57497
13050,"Earthquake","Chile",10,9534392.87,49549
91,"Hurricane","Indonesia",10,8822538.89,45753
309,"Landslide","USA",10,9414242.64,41060
13,"Hurricane","Turkey",10,13821127.34,46628
9308,"Hurricane","Italy",10,10012221.49,41249
15477,"Wildfire","Chile",10,13295298.76,53649
9310,"Volcanic Eruption","Japan",10,7663374.96,51750
5201,"Volcanic Eruption","Chile",10,4415461.78,52106
9314,"Wildfire","Indonesia",10,6970303.69,48582
9317,"Flood","Indonesia",10,6071075.39,51468
5942,"Flood","Indonesia",10,14325712.86,47883
9322,"Landslide","Italy",10,5141288.11,42304
5943,"Earthquake","Philippines",10,11177777.16,44306
5203,"Drought","Japan",10,5633906.71,43355
3244,"Flood","Italy",10,4788846.96,49209
4873,"Flood","Indonesia",10,11583103.4,46229
9347,"Hurricane","Japan",10,20383156.95,71344
14281,"Flood","Italy",10,13182614.18,48564
15490,"Earthquake","Italy",10,3461753.55,36607
5213,"Drought","Chile",10,9962386.19,42479
9369,"Earthquake","Italy",10,4435716.95,33926
9379,"Earthquake","Italy",10,2567123.09,51329
9380,"Wildfire","Japan",10,5599472.61,60075
9381,"Flood","Italy",10,9252242.16,36631
9382,"Hurricane","Turkey",10,7019528.88,41558
14286,"Wildfire","Chile",10,19683707.46,65691
18015,"Wildfire","USA",10,9203560.8,51843
18016,"Volcanic Eruption","Turkey",10,11749304.62,42824
1992,"Earthquake","Indonesia",10,9443424.08,37171
18022,"Drought","Chile",10,14179535.39,53197
9398,"Wildfire","Japan",10,9987904.94,33911
9410,"Flood","Turkey",10,10247172.54,50983
9412,"Hurricane","Indonesia",10,4100473.9,53037
18035,"Drought","Chile",10,10428508.88,43261
3258,"Earthquake","Italy",10,7119072.75,40514
9421,"Landslide","Italy",10,8136623.11,34377
5948,"Volcanic Eruption","Japan",10,11935364.58,59499
314,"Hurricane","Italy",10,3823295.44,44417
4724,"Flood","India",10,13222378.64,48519
3274,"Earthquake","Turkey",10,2517091.08,40621
5949,"Landslide","Turkey",10,10768545.87,52724
5954,"Landslide","USA",10,13128290.27,59907
9448,"Hurricane","Philippines",10,6416731.78,61618
18058,"Hurricane","Philippines",10,6047930.22,69306
13648,"Wildfire","Italy",10,18732070.64,62825
18062,"Wildfire","USA",10,7422821.38,61087
18064,"Flood","Japan",10,14834743.33,49995
5223,"Drought","Japan",10,13523938.05,62880
3284,"Landslide","India",10,14911504.74,51226
9481,"Hurricane","Japan",10,14104817.8,52043
3286,"Wildfire","Italy",10,5242902.72,56486
5958,"Drought","India",10,9854414.8,47534
9486,"Landslide","Italy",10,9135486.47,50413
9488,"Wildfire","Indonesia",10,11863036.14,48414
9493,"Hurricane","Japan",10,6427628.62,47301
9494,"Volcanic Eruption","Japan",10,7012313.99,49054
18082,"Hurricane","Italy",10,8634585.11,48525
9501,"Drought","Philippines",10,5129274.94,39447
9508,"Hurricane","USA",10,2997096.16,52248
5224,"Volcanic Eruption","Turkey",10,9680514.28,55490
9516,"Flood","Japan",10,5929469.38,64706
18085,"Volcanic Eruption","Japan",10,8348628.51,46944
15532,"Landslide","Chile",10,12697934.34,49556
5228,"Volcanic Eruption","USA",10,8611396.11,44628
5963,"Flood","Philippines",10,6633259.05,46719
15541,"Hurricane","USA",10,9022175.25,47716
9537,"Earthquake","Indonesia",10,5771435.24,39021
15544,"Hurricane","Italy",10,11624727.23,46168
14293,"Wildfire","Indonesia",10,9451545.51,45961
5973,"Hurricane","Chile",10,10849342.12,43169
9543,"Volcanic Eruption","Japan",10,8315953.38,52103
18112,"Flood","Turkey",10,11403122.64,38644
3290,"Hurricane","Japan",10,7169656.19,45823
3291,"Earthquake","Italy",10,15170150.23,53760
14297,"Wildfire","Indonesia",10,13724615.42,53386
18118,"Hurricane","India",10,10120317.96,58140
9564,"Volcanic Eruption","Turkey",10,9680937.46,52577
9565,"Flood","Italy",10,13937157.01,55940
15555,"Flood","USA",10,7864598.66,66499
3294,"Volcanic Eruption","Italy",10,3397628.25,57362
18120,"Wildfire","India",10,6995961.37,53537
13650,"Landslide","USA",10,4540982.85,61301
3300,"Landslide","Italy",10,8482527.8,43380
3303,"Hurricane","Chile",10,3293807.89,37952
3304,"Flood","Philippines",10,3075603.33,55593
18128,"Earthquake","India",10,6736197.14,51345
18132,"Earthquake","Japan",10,13260969.71,55292
2003,"Volcanic Eruption","USA",10,5943060.23,52768
9611,"Landslide","USA",10,11398162.69,39923
15558,"Earthquake","Italy",10,9663918.07,60186
1469,"Wildfire","Indonesia",10,5546775.43,42332
2012,"Landslide","Philippines",10,12505240.9,41949
18146,"Hurricane","Philippines",10,10715457.52,53053
1693,"Volcanic Eruption","India",10,6586106.92,44696
9624,"Volcanic Eruption","Indonesia",10,5678406.2,51488
14308,"Volcanic Eruption","India",10,11952108.0,56743
1068,"Drought","USA",10,11039607.89,53114
3329,"Earthquake","Chile",10,8498674.75,44736
9645,"Earthquake","Philippines",10,14668523.76,54254
327,"Hurricane","Philippines",10,9248048.97,41207
9651,"Drought","Japan",10,14381002.93,55689
5998,"Wildfire","Turkey",10,10692384.76,55196
13658,"Hurricane","Indonesia",10,11680360.17,42254
5236,"Volcanic Eruption","Italy",10,14186310.51,52451
3343,"Wildfire","Japan",10,10914634.33,65387
15583,"Hurricane","Indonesia",10,5555491.83,60917
13344,"Earthquake","Italy",10,5786613.17,51029
3346,"Flood","USA",10,7409815.81,51475
9676,"Drought","Indonesia",10,5976560.09,44314
9684,"Volcanic Eruption","Philippines",10,3048317.95,47263
333,"Drought","Indonesia",10,4122024.36,51967
3350,"Wildfire","Italy",10,7827219.07,42301
3360,"Wildfire","Indonesia",10,13127272.22,55598
1076,"Volcanic Eruption","Italy",10,9563066.2,48929
9701,"Flood","India",10,4843725.73,42892
9708,"Earthquake","Indonesia",10,8426234.87,41075
658,"Wildfire","Indonesia",10,5847328.89,38591
1084,"Earthquake","USA",10,6377106.36,49678
9714,"Wildfire","Turkey",10,2660425.18,45311
1694,"Volcanic Eruption","USA",10,15022620.29,58287
3370,"Hurricane","India",10,11667304.35,57490
9739,"Hurricane","USA",10,14069999.4,57987
18172,"Drought","USA",10,12810218.71,43601
3374,"Landslide","USA",10,8322631.61,46951
9748,"Drought","Chile",10,7642440.58,51519
9751,"Landslide","Philippines",10,10105108.32,47622
18180,"Flood","Indonesia",10,2557029.73,44852
6008,"Drought","India",10,15235009.55,57675
3379,"Landslide","Philippines",10,13214094.82,44051
14317,"Volcanic Eruption","Turkey",10,3831526.19,57055
13669,"Volcanic Eruption","Philippines",10,8067375.33,35230
6014,"Wildfire","USA",10,13563114.65,45370
15613,"Wildfire","Philippines",10,4324627.82,38329
5254,"Hurricane","India",10,4053578.4,54906
15622,"Wildfire","USA",10,11429882.55,46689
15623,"Drought","Italy",10,6303895.73,29242
5255,"Landslide","Chile",10,11905492.59,40594
15631,"Flood","Italy",10,8084958.19,46123
5257,"Drought","India",10,4361486.9,39171
9786,"Landslide","Japan",10,9559025.54,49152
9787,"Volcanic Eruption","Chile",10,13551566.64,49111
6022,"Drought","Italy",10,2376722.27,42153
9793,"Flood","India",10,6078950.77,48151
1088,"Landslide","USA",10,4285337.76,46023
18220,"Flood","Italy",10,5409187.32,59452
9808,"Drought","Italy",10,7739630.73,49743
15639,"Drought","Chile",10,4171627.56,59617
9815,"Drought","Indonesia",10,8995480.96,56181
9817,"Earthquake","India",10,3941812.49,54325
15645,"Wildfire","USA",10,4077772.48,52791
3407,"Landslide","Indonesia",10,7352510.39,52462
5259,"Landslide","Chile",10,13511699.29,60996
9842,"Volcanic Eruption","Turkey",10,3358615.49,61396
9850,"Volcanic Eruption","India",10,2597812.26,48603
18229,"Earthquake","Japan",10,15418943.47,57163
3411,"Volcanic Eruption","Turkey",10,2808892.36,54060
3413,"Landslide","Indonesia",10,7555853.93,48148
9870,"Drought","Chile",10,4188906.64,50112
3415,"Landslide","India",10,2557149.91,49315
18237,"Volcanic Eruption","Indonesia",10,8071288.22,36223
18244,"Drought","Italy",10,13424796.38,54999
9885,"Flood","Turkey",10,12697657.45,48446
9894,"Wildfire","Italy",10,9867422.21,59499
15650,"Flood","Chile",10,11957248.25,53447
13348,"Drought","Philippines",10,15584980.04,53430
18259,"Drought","Philippines",10,8664662.02,61912
9910,"Hurricane","Turkey",10,11238725.48,59824
6023,"Hurricane","USA",10,3241462.2,50500
1470,"Wildfire","Japan",10,1983062.88,30864
9925,"Wildfire","India",10,3532514.68,37059
3431,"Landslide","USA",10,10411674.0,44323
9930,"Wildfire","Indonesia",10,8169456.84,50182
335,"Earthquake","Chile",10,9550545.6,53682
18264,"Volcanic Eruption","Indonesia",10,7989198.38,46839
18265,"Drought","Chile",10,14082486.93,59234
9946,"Hurricane","Indonesia",10,8382665.52,50448
1097,"Drought","Indonesia",10,6808677.98,60908
3435,"Landslide","Turkey",10,8604432.9,47446
14334,"Hurricane","Turkey",10,13341002.6,48511
9955,"Flood","Philippines",10,4369977.98,42907
9957,"Flood","Japan",10,5743674.72,47691
15659,"Wildfire","Japan",10,10508658.93,54867
18278,"Wildfire","Turkey",10,13008831.29,51159
9969,"Landslide","Turkey",10,5721290.01,50391
9970,"Volcanic Eruption","USA",10,4567081.84,60260
18279,"Wildfire","Japan",10,5331230.3,53273
21,"Earthquake","Italy",10,11854511.53,52862
2020,"Earthquake","India",10,6224193.21,38636
9979,"Drought","India",10,3611823.12,45185
3461,"Flood","Philippines",10,10428100.49,54252
18290,"Drought","USA",10,6446999.44,46476
6030,"Landslide","Italy",10,2502901.76,34761
18295,"Flood","Chile",10,3970020.17,49053
1505,"Wildfire","Japan",10,5158456.83,45239
3467,"Hurricane","USA",10,8571435.98,52352
6034,"Hurricane","Italy",10,9876043.29,41391
4883,"Landslide","Italy",10,7968009.26,46168
18309,"Wildfire","Turkey",10,3353632.2,53591
3475,"Volcanic Eruption","India",10,9732897.37,43341
3479,"Wildfire","Turkey",10,6377304.06,52187
3483,"Flood","India",10,13954528.57,58650
1119,"Wildfire","Chile",10,6211460.51,53467
13139,"Wildfire","Japan",10,6257405.82,54943
6043,"Wildfire","Japan",10,6492367.43,44298
10045,"Hurricane","India",10,13757955.86,54168
6045,"Earthquake","Chile",10,5162589.9,31364
5265,"Wildfire","USA",10,11045153.12,41635
10056,"Wildfire","Japan",10,9377470.0,53067
10057,"Flood","India",10,11229690.08,45559
18325,"Hurricane","USA",10,10483360.11,41772
10073,"Drought","India",10,6814629.75,48390
10078,"Earthquake","Turkey",10,3570579.61,50203
10081,"Volcanic Eruption","Japan",10,6398341.62,45996
18326,"Earthquake","Chile",10,8783659.8,50721
10087,"Earthquake","Chile",10,11536158.79,41067
3505,"Flood","Philippines",10,16410033.31,58636
6047,"Wildfire","Japan",10,13287469.04,52550
14345,"Wildfire","Chile",10,8928889.95,48951
5271,"Drought","USA",10,11867659.37,62217
6058,"Wildfire","Indonesia",10,6682558.18,53423
15674,"Landslide","Chile",10,5053484.45,55011
10104,"Flood","Indonesia",10,9781103.58,45135
6064,"Hurricane","India",10,13508654.23,52174
10107,"Landslide","USA",10,4454359.6,42691
18343,"Drought","Turkey",10,4393047.38,56995
15675,"Wildfire","India",10,7898180.24,44551
10111,"Earthquake","Japan",10,4150132.13,51450
10118,"Landslide","India",10,5083625.21,54884
5272,"Flood","Philippines",10,18074068.55,68729
2024,"Drought","Italy",10,7051728.03,43955
4729,"Wildfire","Japan",10,5769310.77,48205
1709,"Flood","Japan",10,2623665.85,48708
3524,"Flood","Chile",10,9311082.73,52942
10134,"Landslide","Philippines",10,8454873.79,45747
10140,"Drought","Turkey",10,6205965.58,42863
10141,"Drought","Indonesia",10,8671102.53,53056
14348,"Wildfire","India",10,2902529.21,30986
15683,"Drought","Italy",10,8459681.72,35930
15684,"Hurricane","India",10,10411755.01,52973
10148,"Hurricane","Italy",10,10289170.16,40916
5279,"Flood","Philippines",10,14317244.73,53387
4889,"Landslide","Japan",10,5440156.46,42647
10164,"Volcanic Eruption","USA",10,6724213.89,40947
10166,"Volcanic Eruption","Philippines",10,8707842.15,66434
15694,"Drought","Japan",10,4232114.87,42894
18391,"Drought","Italy",10,7049446.17,60657
15697,"Volcanic Eruption","Italy",10,13630104.59,47577
18399,"Earthquake","Indonesia",10,12256497.72,47716
1137,"Landslide","Chile",10,11467515.29,52741
18400,"Wildfire","Chile",10,6832790.53,52895
18401,"Earthquake","Indonesia",10,9401721.94,50180
10185,"Hurricane","Chile",10,10877367.74,58982
3542,"Hurricane","Italy",10,12749350.92,45814
15703,"Wildfire","Japan",10,8947156.03,43465
10188,"Earthquake","India",10,5410674.75,49533
13204,"Wildfire","Philippines",10,7375648.05,51463
5282,"Earthquake","Chile",10,4188729.75,42131
15710,"Wildfire","Indonesia",10,14803347.21,59985
10197,"Earthquake","Chile",10,11441697.63,38161
15712,"Earthquake","India",10,7180770.48,54329
18422,"Landslide","USA",10,10615211.12,44333
15715,"Volcanic Eruption","Italy",10,10814417.25,58033
10209,"Landslide","Italy",10,11081801.49,45177
1139,"Earthquake","USA",10,2769810.0,51907
10219,"Wildfire","Japan",10,12171669.23,46150
13685,"Earthquake","Indonesia",10,7535631.1,53306
10226,"Flood","Turkey",10,11786008.31,39796
10229,"Drought","USA",10,7966267.84,46975
13690,"Earthquake","Indonesia",10,8943602.4,52457
10232,"Flood","India",10,4833768.07,56938
10240,"Volcanic Eruption","Italy",10,12454069.37,63958
6081,"Earthquake","Italy",10,4026277.58,63876
10243,"Flood","India",10,6769006.6,56743
10245,"Hurricane","Italy",10,11172217.53,56136
18433,"Earthquake","Italy",10,5873127.1,50501
10247,"Hurricane","India",10,14719291.63,55893
10250,"Earthquake","India",10,3502977.7,42255
10253,"Volcanic Eruption","Philippines",10,8884852.36,47953
3580,"Volcanic Eruption","India",10,13350697.23,44559
10256,"Wildfire","Turkey",10,8163824.82,47548
14366,"Wildfire","Indonesia",10,2598036.5,43118
6083,"Volcanic Eruption","India",10,4019063.43,27787
1143,"Volcanic Eruption","Philippines",10,9125781.69,40720
18440,"Flood","Turkey",10,10230515.66,43554
18441,"Earthquake","Turkey",10,8367740.2,45702
18443,"Flood","USA",10,15527721.34,63805
10286,"Landslide","Italy",10,12294440.63,52330
3584,"Wildfire","India",10,3769196.21,47005
18462,"Hurricane","Indonesia",10,5217386.16,55968
3594,"Volcanic Eruption","Indonesia",10,6919671.16,52174
1147,"Landslide","Italy",10,11170588.12,43085
348,"Volcanic Eruption","Indonesia",10,8261796.51,53974
15720,"Flood","USA",10,5206821.77,45483
18470,"Landslide","Chile",10,15264076.85,52108
10329,"Drought","Italy",10,12357065.48,53837
10335,"Wildfire","Philippines",10,7540051.91,57401
13355,"Drought","Japan",10,5052885.57,52185
18474,"Drought","Chile",10,10605292.06,45352
10347,"Wildfire","Turkey",10,17385543.22,61289
14368,"Flood","USA",10,9573170.35,47528
14369,"Flood","USA",10,19567411.27,66526
10354,"Drought","Italy",10,6618116.02,45219
4890,"Flood","Indonesia",10,13277790.29,47119
10358,"Earthquake","Japan",10,15114890.31,57894
3609,"Flood","USA",10,3336881.53,54617
6092,"Hurricane","Philippines",10,12887347.73,59497
10365,"Volcanic Eruption","Indonesia",10,7761428.08,50107
18492,"Landslide","Japan",10,8596360.72,64622
3625,"Earthquake","Italy",10,9979688.85,43774
4893,"Volcanic Eruption","Italy",10,3861668.62,39358
10382,"Wildfire","Indonesia",10,8862729.71,44817
5293,"Wildfire","Turkey",10,9661627.11,52121
18496,"Wildfire","USA",10,5960820.67,36811
10389,"Landslide","Japan",10,12311736.07,45661
18497,"Volcanic Eruption","USA",10,8110715.42,53940
3628,"Hurricane","India",10,3169814.91,42068
2030,"Landslide","Indonesia",10,12272442.67,52084
3635,"Flood","Indonesia",10,3171225.7,37547
4896,"Earthquake","Japan",10,8345972.16,30476
3637,"Volcanic Eruption","Japan",10,16463461.49,60359
350,"Earthquake","Italy",10,4427985.09,67746
115,"Hurricane","Italy",10,7478288.87,50074
358,"Hurricane","Japan",10,10110904.34,54433
10434,"Landslide","Chile",10,10069792.52,50378
10436,"Wildfire","Italy",10,7044426.58,43924
3646,"Volcanic Eruption","USA",10,8870408.96,42041
2033,"Drought","Chile",10,5248257.59,47480
15738,"Drought","India",10,8626024.66,42715
14375,"Wildfire","Chile",10,8310791.07,39790
10447,"Earthquake","USA",10,5047973.97,57264
13694,"Landslide","USA",10,11492188.97,44071
10456,"Flood","Japan",10,15331320.87,53907
10463,"Landslide","USA",10,12720060.16,57722
10466,"Wildfire","Turkey",10,3786019.46,42222
10468,"Volcanic Eruption","Philippines",10,10054095.5,37320
10471,"Drought","USA",10,8314044.83,51991
3650,"Drought","India",10,13903683.21,52219
10474,"Earthquake","Indonesia",10,14679603.25,63401
10476,"Wildfire","India",10,12644507.43,48164
1163,"Wildfire","Italy",10,6556182.78,47761
2036,"Volcanic Eruption","Philippines",10,9535575.17,45820
14383,"Landslide","Indonesia",10,7831615.52,50551
18534,"Earthquake","Chile",10,11746045.48,50287
10491,"Landslide","Japan",10,6359566.37,46174
5303,"Drought","Turkey",10,19965198.29,67251
3670,"Landslide","Indonesia",10,5040176.27,50011
10499,"Wildfire","Turkey",10,7861371.57,44092
5306,"Hurricane","India",10,8648594.95,40228
662,"Earthquake","Italy",10,5835218.98,48375
6116,"Wildfire","Japan",10,10625132.66,39417
10513,"Hurricane","Chile",10,14118973.28,53690
10515,"Drought","Chile",10,12694364.92,47654
18553,"Earthquake","Indonesia",10,9276386.75,45898
10519,"Volcanic Eruption","Philippines",10,5752901.75,56841
13698,"Hurricane","Philippines",10,6720218.35,41221
15763,"Landslide","Japan",10,9728078.06,37307
10525,"Hurricane","Italy",10,4028369.21,31332
10527,"Volcanic Eruption","USA",10,4780044.87,29088
18566,"Landslide","Philippines",10,10409956.42,45620
3683,"Landslide","Japan",10,6631111.92,48317
18567,"Landslide","Japan",10,10478374.19,40269
10536,"Landslide","India",10,7976475.2,43640
18569,"Earthquake","Philippines",10,3196217.21,57917
10547,"Wildfire","USA",10,3920977.98,37760
10550,"Wildfire","Philippines",10,8386241.73,39603
4731,"Landslide","Indonesia",10,12650795.79,63443
18577,"Flood","Indonesia",10,6079044.14,50856
13356,"Flood","USA",10,2279275.75,35132
6124,"Drought","Italy",10,7320030.87,35251
15774,"Drought","Japan",10,6586599.75,49051
359,"Earthquake","Italy",10,3285344.27,50150
3704,"Hurricane","India",10,5038141.14,32825
5313,"Drought","Chile",10,10220634.3,60561
1729,"Hurricane","Chile",10,9780263.94,39465
10586,"Flood","India",10,7523251.38,61828
14404,"Hurricane","Philippines",10,5485390.74,68595
6133,"Landslide","Philippines",10,11333116.51,50347
10594,"Flood","Philippines",10,6829594.37,49949
6136,"Hurricane","Turkey",10,5642512.6,54712
18622,"Hurricane","Turkey",10,2820365.57,44417
15789,"Hurricane","Chile",10,6081642.48,40414
1170,"Drought","Turkey",10,10769737.87,39502
10606,"Hurricane","USA",10,15990798.35,61394
4647,"Landslide","Japan",10,9463675.77,37233
3728,"Volcanic Eruption","Italy",10,3122045.27,43896
6140,"Hurricane","USA",10,7579845.0,45164
10618,"Drought","Chile",10,8986050.97,45506
18634,"Flood","Indonesia",10,6771410.64,32650
1471,"Flood","USA",10,2917521.74,36571
18640,"Flood","USA",10,5299611.76,44136
15796,"Flood","Philippines",10,17086987.2,57929
1731,"Landslide","Chile",10,10618989.51,36562
10638,"Earthquake","Italy",10,12283033.79,47485
2047,"Volcanic Eruption","Italy",10,13492249.14,64973
3743,"Landslide","Turkey",10,8971282.69,53694
2050,"Volcanic Eruption","India",10,5191173.08,42756
14421,"Volcanic Eruption","India",10,10953958.28,55476
665,"Wildfire","Italy",10,10128106.79,46924
13716,"Earthquake","Japan",10,12951233.04,54035
18663,"Earthquake","Chile",10,11627258.85,55161
3746,"Earthquake","Italy",10,9363379.17,71758
1180,"Wildfire","Turkey",10,13379168.3,51982
1734,"Wildfire","Italy",10,10409012.04,51818
15803,"Landslide","India",10,7481496.74,59955
10681,"Volcanic Eruption","India",10,3031358.37,54215
18667,"Flood","Italy",10,6276652.82,55503
10686,"Earthquake","Indonesia",10,3554909.99,48630
10691,"Drought","Chile",10,6471885.4,33769
10695,"Landslide","Japan",10,2246889.04,31263
582,"Hurricane","USA",10,3611176.79,59282
10704,"Wildfire","USA",10,10272942.56,41660
126,"Hurricane","Japan",10,5490909.54,53304
6183,"Earthquake","Indonesia",10,6494988.59,43655
10712,"Volcanic Eruption","Indonesia",10,10858634.4,51022
1743,"Volcanic Eruption","Chile",10,12530260.35,46237
6191,"Flood","Indonesia",10,9837272.91,67932
10725,"Drought","India",10,7249898.98,43296
18679,"Landslide","Chile",10,6874423.65,68306
3771,"Wildfire","Turkey",10,7984298.84,47672
15833,"Landslide","Japan",10,3193746.07,43882
13051,"Drought","Japan",10,5426864.96,45899
6198,"Earthquake","Chile",10,9576755.84,51063
10753,"Volcanic Eruption","Indonesia",10,15251363.07,56277
18685,"Hurricane","India",10,9810826.86,45004
15838,"Flood","Chile",10,10995599.89,44952
1427,"Drought","Chile",10,3093004.53,39319
5342,"Drought","Philippines",10,15708070.87,58695
196,"Hurricane","Japan",10,7089006.86,47820
6201,"Flood","India",10,6707350.28,57314
4736,"Wildfire","USA",10,3733757.78,31625
10784,"Earthquake","India",10,11065027.3,64665
1746,"Flood","India",10,3318819.43,44961
6202,"Landslide","Turkey",10,5991225.86,51473
10793,"Wildfire","Philippines",10,7916013.15,41070
15861,"Flood","Philippines",10,2758508.27,43942
30,"Drought","Italy",10,3491973.07,62560
18720,"Volcanic Eruption","Turkey",10,12752672.64,50067
3794,"Hurricane","Chile",10,7493981.15,49926
15862,"Hurricane","Indonesia",10,16041833.86,58626
3796,"Volcanic Eruption","Italy",10,11360044.88,49108
374,"Hurricane","USA",10,12071235.79,51591
10812,"Volcanic Eruption","India",10,3548099.02,29122
13212,"Volcanic Eruption","Italy",10,11468975.12,57116
18730,"Volcanic Eruption","Philippines",10,12435960.08,48515
10825,"Volcanic Eruption","Indonesia",10,5999597.04,56480
14437,"Flood","Indonesia",10,7055416.49,38596
3812,"Hurricane","USA",10,9564876.93,38758
18734,"Wildfire","USA",10,6327906.41,55244
13735,"Flood","Italy",10,4624212.45,47325
2070,"Volcanic Eruption","Indonesia",10,5060719.8,54572
6212,"Drought","Italy",10,13000701.94,64973
10851,"Landslide","USA",10,4841534.41,56636
14445,"Wildfire","Turkey",10,13287745.81,56128
380,"Earthquake","Chile",10,5552401.57,50070
1204,"Flood","Japan",10,14294088.96,53155
18744,"Wildfire","India",10,16640229.89,60848
10859,"Earthquake","Italy",10,13121147.55,62333
1205,"Flood","Philippines",10,6431289.3,50695
13740,"Earthquake","Turkey",10,3784766.42,31084
15871,"Wildfire","India",10,13568835.71,54947
14455,"Wildfire","Indonesia",10,17883556.24,63583
18761,"Landslide","Indonesia",10,7098963.66,50765
6220,"Flood","Italy",10,10695439.51,41669
2081,"Drought","Philippines",10,3021341.39,53403
14458,"Hurricane","Turkey",10,11535904.13,52600
13742,"Hurricane","Turkey",10,3408272.7,59673
5354,"Drought","Turkey",10,3438842.71,44890
18790,"Drought","USA",10,3255485.53,47409
15892,"Landslide","Indonesia",10,13961721.76,54642
10911,"Wildfire","Japan",10,4849113.4,36159
10914,"Volcanic Eruption","Japan",10,6128651.96,49613
18811,"Hurricane","Philippines",10,4110883.49,57020
1211,"Drought","Italy",10,3142245.58,57818
15895,"Landslide","Japan",10,8806211.87,53144
15896,"Drought","Japan",10,12499001.34,60478
15897,"Earthquake","Turkey",10,5182987.94,43584
10950,"Earthquake","Italy",10,8802743.86,52417
5355,"Earthquake","Japan",10,13203397.32,55507
18823,"Earthquake","India",10,1931864.1,36782
13743,"Landslide","India",10,5344155.02,45446
15914,"Hurricane","India",10,15396764.42,62842
15915,"Hurricane","Italy",10,6399296.28,41447
6235,"Earthquake","USA",10,3074748.85,58180
10971,"Hurricane","Indonesia",10,10236278.27,44145
3863,"Earthquake","Japan",10,4933510.83,40411
15921,"Landslide","Indonesia",10,11202669.56,47104
18840,"Hurricane","India",10,5269455.64,50147
10992,"Hurricane","Indonesia",10,11366996.54,55499
2100,"Flood","Italy",10,6858981.72,39618
3873,"Wildfire","Italy",10,13320418.12,47673
15923,"Hurricane","Italy",10,8100364.24,64301
11007,"Volcanic Eruption","Japan",10,6844984.17,46658
18855,"Hurricane","India",10,9328686.01,35886
11010,"Wildfire","Chile",10,10026452.79,51109
6244,"Volcanic Eruption","Philippines",10,3656025.69,39072
14470,"Volcanic Eruption","Italy",10,9428118.0,51500
6249,"Flood","Philippines",10,4430602.1,50673
11023,"Landslide","USA",10,2065777.11,33642
18865,"Drought","Italy",10,3154292.14,56310
3884,"Hurricane","Philippines",10,12557566.18,42953
14472,"Volcanic Eruption","Turkey",10,14778750.33,51392
11037,"Volcanic Eruption","Indonesia",10,13254702.31,50073
11040,"Volcanic Eruption","USA",10,13621418.86,50501
1216,"Hurricane","India",10,9643253.64,54506
18870,"Hurricane","Turkey",10,11452765.78,46678
3892,"Hurricane","Italy",10,10367685.91,51866
18881,"Flood","Italy",10,12112202.01,64958
11070,"Drought","Chile",10,3732827.4,53295
18884,"Landslide","Turkey",10,3113665.58,49722
14477,"Drought","Japan",10,4796320.14,53770
3893,"Wildfire","Japan",10,4013235.52,37590
11078,"Volcanic Eruption","India",10,8345508.72,44532
3896,"Landslide","Turkey",10,4024796.26,42955
13149,"Earthquake","Philippines",10,13974417.61,47062
14479,"Earthquake","India",10,9556299.06,52134
3897,"Earthquake","Indonesia",10,5807636.45,52486
11087,"Earthquake","India",10,5588967.03,56022
18895,"Volcanic Eruption","Indonesia",10,11008852.23,56210
11095,"Volcanic Eruption","Chile",10,6120627.11,47698
11106,"Drought","Turkey",10,8426928.09,49633
13756,"Volcanic Eruption","India",10,11114767.34,40791
13153,"Volcanic Eruption","USA",10,6750827.6,64312
1217,"Earthquake","Italy",10,14543444.69,53534
11118,"Earthquake","Indonesia",10,16087873.3,60098
18899,"Volcanic Eruption","Italy",10,10469659.2,59743
3922,"Wildfire","USA",10,7390097.13,46812
18900,"Drought","Turkey",10,11397091.25,72284
11125,"Hurricane","USA",10,8483944.11,39547
1220,"Volcanic Eruption","Indonesia",10,6816022.59,46658
11135,"Landslide","Indonesia",10,9772485.17,43237
3929,"Hurricane","India",10,4387570.26,39800
18902,"Wildfire","Indonesia",10,9157160.3,56027
11147,"Earthquake","Indonesia",10,13583934.41,45520
5361,"Earthquake","Japan",10,7904589.01,56079
13764,"Wildfire","Indonesia",10,7402327.95,51204
14488,"Earthquake","Turkey",10,3937724.51,42245
11164,"Landslide","Chile",10,7312329.17,47410
4665,"Landslide","Turkey",10,6050924.34,46749
3930,"Landslide","Japan",10,15055833.75,51409
3931,"Landslide","USA",10,12472422.96,44104
11190,"Drought","Indonesia",10,6189772.25,52691
18922,"Volcanic Eruption","Chile",10,12405666.41,51427
15981,"Earthquake","Indonesia",10,9720862.26,59628
15982,"Volcanic Eruption","Chile",10,3479106.71,34421
11201,"Hurricane","Indonesia",10,3434847.83,47984
18936,"Hurricane","India",10,16735197.78,65997
5367,"Hurricane","Japan",10,9250327.93,35897
2114,"Landslide","Chile",10,13882331.97,50176
13767,"Wildfire","USA",10,13074108.96,59216
18945,"Hurricane","Chile",10,6320460.75,52763
15992,"Hurricane","Japan",10,10789861.5,37495
3935,"Flood","Indonesia",10,7163887.75,53948
14492,"Volcanic Eruption","Philippines",10,3162612.84,41968
11236,"Drought","Philippines",10,14517442.98,50029
3939,"Earthquake","Japan",10,18907088.54,72816
13059,"Flood","Chile",10,10756460.39,39766
16000,"Landslide","Chile",10,5079541.54,44890
2116,"Landslide","Japan",10,3941249.06,44741
11252,"Volcanic Eruption","India",10,5835500.84,54217
3954,"Wildfire","Japan",10,17290654.87,60131
11257,"Volcanic Eruption","Indonesia",10,7248188.42,50533
5378,"Flood","USA",10,12765130.78,49589
14497,"Flood","Philippines",10,7409310.28,55885
11264,"Landslide","Japan",10,8284257.23,37336
11272,"Wildfire","India",10,6483725.06,40512
18976,"Volcanic Eruption","Indonesia",10,6818063.68,65083
18979,"Volcanic Eruption","Italy",10,9701124.52,36884
18981,"Earthquake","India",10,8512990.48,35248
2133,"Wildfire","Chile",10,7077250.09,48845
6288,"Wildfire","Indonesia",10,9420192.76,43058
1222,"Earthquake","Japan",10,7398469.71,49644
13385,"Landslide","Italy",10,17301786.94,63711
13781,"Flood","Chile",10,10274244.65,49229
13782,"Drought","Turkey",10,5743879.77,52586
6292,"Drought","India",10,7580791.55,55081
11295,"Hurricane","Philippines",10,4012611.25,55524
6295,"Landslide","Turkey",10,5348676.16,33464
19004,"Earthquake","Italy",10,3331559.32,21222
13783,"Landslide","USA",10,14971571.43,54780
13386,"Earthquake","USA",10,12789528.61,52524
388,"Hurricane","Chile",10,3546584.97,44282
11316,"Landslide","Italy",10,14516372.22,48909
16023,"Hurricane","Indonesia",10,10623875.23,46045
16027,"Drought","Turkey",10,13804605.52,46702
1236,"Flood","USA",10,9716354.54,56534
13159,"Flood","Chile",10,9684604.38,41182
4003,"Landslide","Chile",10,6308004.88,31025
14522,"Flood","Chile",10,12503209.73,45266
11334,"Volcanic Eruption","Philippines",10,10663968.04,57223
4004,"Earthquake","Chile",10,3435558.77,46189
14525,"Wildfire","Turkey",10,6966301.25,47983
19030,"Hurricane","Italy",10,19719668.83,72062
16042,"Landslide","USA",10,13681734.27,47656
4746,"Hurricane","Italy",10,10359401.53,52086
11359,"Drought","India",10,16170795.41,59220
1757,"Drought","India",10,8223170.99,48695
4928,"Landslide","Philippines",10,14497350.64,60907
690,"Landslide","USA",10,13148205.46,44350
19048,"Drought","India",10,12175062.46,48998
16072,"Volcanic Eruption","Chile",10,3605218.49,56740
13403,"Earthquake","Chile",10,15922330.51,56795
5383,"Earthquake","Philippines",10,12981521.91,57491
11388,"Flood","Japan",10,11968154.4,58606
11389,"Wildfire","Italy",10,11919812.38,52325
396,"Flood","Turkey",10,7398089.08,48234
16078,"Landslide","India",10,9244206.06,45867
19063,"Volcanic Eruption","USA",10,13452814.51,49704
11402,"Flood","Turkey",10,16552739.55,58093
6309,"Hurricane","India",10,7949848.72,45531
14544,"Volcanic Eruption","Chile",10,16037556.9,72292
11430,"Hurricane","Japan",10,6100675.46,38261
197,"Drought","Turkey",10,11301032.9,53444
14548,"Flood","Turkey",10,11708038.79,47429
16084,"Wildfire","India",10,14745789.24,53248
19085,"Landslide","USA",10,8482853.25,43926
16092,"Drought","Philippines",10,8641734.62,46689
14550,"Earthquake","Chile",10,5863092.46,56809
19096,"Wildfire","USA",10,4561530.6,41449
16094,"Flood","Philippines",10,13013455.97,44691
11461,"Flood","Indonesia",10,7336859.21,49707
1270,"Wildfire","Chile",10,10111037.62,43212
14551,"Hurricane","Indonesia",10,11679089.7,53508
11471,"Drought","Indonesia",10,15136618.17,58370
13161,"Volcanic Eruption","Japan",10,6288217.29,55261
11483,"Wildfire","Philippines",10,8812576.32,45614
11490,"Flood","Turkey",10,5977499.6,47640
5386,"Flood","Turkey",10,11474823.22,53731
39,"Hurricane","India",10,8057955.68,67518
4041,"Wildfire","Japan",10,14042906.49,49173
1271,"Landslide","Turkey",10,5501013.17,57706
11509,"Landslide","Philippines",10,13097166.11,44514
4747,"Volcanic Eruption","Indonesia",10,12100137.36,46163
398,"Drought","Philippines",10,3998897.77,59455
16110,"Hurricane","Japan",10,7603082.1,45259
11519,"Hurricane","USA",10,9436838.24,44150
11527,"Earthquake","India",10,8494583.87,50425
16113,"Drought","India",10,15189901.33,56472
5389,"Flood","Indonesia",10,16296475.66,56575
11535,"Volcanic Eruption","Japan",10,6985760.18,45260
14558,"Landslide","Turkey",10,4914978.57,56815
14561,"Volcanic Eruption","Italy",10,13531066.67,58026
4068,"Volcanic Eruption","Italy",10,10260385.09,46006
13405,"Earthquake","India",10,5802814.92,56021
11551,"Earthquake","USA",10,4153253.32,28282
11557,"Drought","Philippines",10,11245423.71,42075
4547,"Earthquake","Chile",10,4609496.62,51453
1480,"Landslide","India",10,3517716.71,47519
4076,"Volcanic Eruption","Chile",10,6734150.61,54711
16135,"Earthquake","USA",10,10522133.33,43583
19147,"Flood","Philippines",10,7262103.43,52295
16137,"Drought","USA",10,14136168.43,48159
13818,"Hurricane","Chile",10,11203260.92,54027
2158,"Drought","Italy",10,9014808.59,43945
19157,"Drought","Japan",10,3814974.54,46985
11582,"Landslide","Philippines",10,13073163.8,44104
11584,"Flood","USA",10,10139333.77,50912
11587,"Drought","USA",10,6543879.95,46557
4086,"Earthquake","Chile",10,8468159.32,32192
19159,"Earthquake","Italy",10,10705793.41,62263
11596,"Hurricane","USA",10,13103277.12,46932
19161,"Flood","Japan",10,12597453.75,42636
13822,"Volcanic Eruption","Chile",10,5871475.43,54001
1284,"Landslide","Philippines",10,5208273.4,56911
11612,"Drought","Japan",10,10103150.89,49637
13823,"Drought","India",10,7281737.14,48970
11620,"Wildfire","Italy",10,16520925.22,57104
5398,"Volcanic Eruption","USA",10,7291685.61,55813
14581,"Volcanic Eruption","Chile",10,10367576.38,44698
4106,"Flood","India",10,7470622.7,47566
16157,"Flood","Japan",10,8065543.05,35854
11639,"Volcanic Eruption","Indonesia",10,6602286.18,53252
11641,"Wildfire","USA",10,5220141.1,54803
6350,"Landslide","India",10,10269762.59,53011
19185,"Flood","India",10,14544733.56,54757
11654,"Flood","India",10,13470497.65,58030
11659,"Earthquake","Japan",10,2732822.07,40040
16159,"Hurricane","Chile",10,11453518.52,40267
11661,"Volcanic Eruption","Turkey",10,13921827.49,51407
11663,"Volcanic Eruption","Chile",10,4245017.99,49718
6358,"Earthquake","Turkey",10,13809952.64,52342
11680,"Earthquake","Italy",10,10709882.74,51724
16161,"Hurricane","Japan",10,4853003.64,52611
11684,"Volcanic Eruption","India",10,14976729.01,53363
1442,"Drought","Indonesia",10,14396142.72,63659
474,"Volcanic Eruption","India",10,2767853.2,53474
1482,"Wildfire","Japan",10,4835388.48,57131
414,"Hurricane","India",10,10669773.22,54529
11694,"Wildfire","Chile",10,3267460.48,46295
1292,"Volcanic Eruption","India",10,14210793.51,64675
4120,"Wildfire","USA",10,9580960.94,47525
698,"Landslide","Italy",10,11927766.46,65367
418,"Earthquake","India",10,4099659.48,62603
14591,"Landslide","Philippines",10,4614183.18,45087
11714,"Flood","Japan",10,9717405.34,50096
16178,"Volcanic Eruption","Japan",10,12470881.72,57568
4124,"Earthquake","Chile",10,7919738.4,48192
4132,"Volcanic Eruption","India",10,2396267.49,45721
19224,"Wildfire","Philippines",10,11738564.44,42472
11726,"Wildfire","India",10,7325712.33,51716
11727,"Landslide","USA",10,7776248.6,52454
11729,"Earthquake","Turkey",10,5724800.75,46541
19225,"Drought","Italy",10,15122125.07,55158
4930,"Earthquake","Indonesia",10,14476065.81,53120
16183,"Wildfire","Philippines",10,11545287.55,45398
4136,"Volcanic Eruption","Italy",10,6870141.72,53362
11749,"Wildfire","India",10,2048323.07,33395
4142,"Earthquake","India",10,9371366.76,46291
6379,"Flood","Italy",10,7530036.24,43336
16188,"Flood","Chile",10,6690621.0,41452
16192,"Hurricane","Japan",10,14136493.52,53017
6381,"Hurricane","India",10,8554720.22,58251
4144,"Earthquake","Japan",10,12758353.09,50758
16197,"Hurricane","USA",10,11551077.82,55519
11768,"Drought","India",10,3632245.22,43327
6386,"Flood","Philippines",10,8989127.4,46410
11772,"Volcanic Eruption","USA",10,7482498.04,56235
6388,"Volcanic Eruption","Japan",10,14054505.33,58701
11778,"Earthquake","USA",10,15114684.19,52307
13425,"Flood","India",10,12234668.29,49297
6391,"Drought","USA",10,7290776.3,42096
19254,"Volcanic Eruption","Chile",10,12257621.84,52548
11789,"Volcanic Eruption","Japan",10,3224854.31,37712
19257,"Landslide","Italy",10,4654175.45,59792
1762,"Volcanic Eruption","Turkey",10,11247569.23,43821
150,"Drought","Turkey",10,7882927.63,58580
13844,"Earthquake","Philippines",10,5837175.18,36083
6396,"Wildfire","Turkey",10,6149392.03,47332
11807,"Landslide","Chile",10,4262853.91,54432
429,"Flood","Japan",10,3915286.94,49212
19278,"Flood","Indonesia",10,8198672.74,45794
11813,"Drought","Chile",10,3289569.18,45651
6397,"Drought","Japan",10,13143406.86,63072
11820,"Landslide","Chile",10,16384382.26,55600
2180,"Wildfire","USA",10,3878417.59,50221
5410,"Earthquake","Indonesia",10,11368437.34,54255
11829,"Landslide","Italy",10,8795088.89,31641
11831,"Landslide","Turkey",10,10190105.32,52756
11832,"Hurricane","Turkey",10,9842542.12,48272
11833,"Landslide","India",10,4171628.23,50338
19292,"Drought","USA",10,6542383.6,53833
4938,"Flood","Philippines",10,2734270.14,45912
19301,"Volcanic Eruption","India",10,4608265.43,51668
4170,"Flood","USA",10,10613572.06,60449
11853,"Earthquake","Philippines",10,14370444.68,50783
5415,"Wildfire","Italy",10,10832727.11,60675
19307,"Wildfire","Chile",10,11010731.63,48331
14609,"Drought","Indonesia",10,7807354.42,43611
11872,"Hurricane","Indonesia",10,3275349.69,57582
4177,"Earthquake","Italy",10,16465899.21,57605
2183,"Earthquake","Turkey",10,9231779.03,43001
19322,"Landslide","Chile",10,5732471.08,39822
5418,"Landslide","Indonesia",10,5954613.09,62607
19329,"Wildfire","Indonesia",10,3527381.4,53131
11890,"Wildfire","Philippines",10,14797684.93,52494
11892,"Landslide","Italy",10,17273698.5,58154
11895,"Flood","Indonesia",10,9925862.17,45037
19334,"Drought","Italy",10,10493454.98,49413
11902,"Landslide","Chile",10,13003791.74,47171
11903,"Drought","India",10,21868934.78,73254
4940,"Volcanic Eruption","Japan",10,2632093.69,42101
4186,"Hurricane","Indonesia",10,2794971.01,54640
4187,"Flood","Japan",10,4675188.92,25498
14615,"Wildfire","Italy",10,5379127.86,49342
16222,"Drought","Indonesia",10,5872720.67,45616
14616,"Landslide","USA",10,6856399.87,44981
19344,"Landslide","Japan",10,10665221.62,63982
19355,"Hurricane","Japan",10,2566517.58,42289
11927,"Volcanic Eruption","Japan",10,5478341.72,58403
11931,"Wildfire","Indonesia",10,2638539.9,39680
19356,"Hurricane","Indonesia",10,15397342.18,51576
11939,"Flood","Philippines",10,5960847.68,50335
4205,"Flood","Chile",10,10671083.13,65734
13432,"Volcanic Eruption","USA",10,3158336.93,52581
4948,"Earthquake","Chile",10,4170148.5,58811
19363,"Landslide","Japan",10,6137534.11,44793
4225,"Flood","USA",10,14079827.16,66136
11957,"Hurricane","Chile",10,6544119.68,54191
6424,"Volcanic Eruption","Chile",10,2684056.66,36878
11964,"Drought","Italy",10,10243009.82,43132
13112,"Landslide","Italy",10,6805835.84,36736
14630,"Hurricane","India",10,2876818.93,47059
4233,"Landslide","Chile",10,14206040.17,56464
4600,"Wildfire","Italy",10,6768152.0,41828
4242,"Volcanic Eruption","Philippines",10,13123744.92,59823
1763,"Wildfire","Chile",10,6266126.2,48662
12000,"Drought","Turkey",10,4890927.48,57834
4246,"Earthquake","Indonesia",10,9673518.48,52119
16255,"Hurricane","India",10,13015206.23,46971
1764,"Drought","USA",10,4172338.17,46425
13880,"Hurricane","Turkey",10,6287330.23,37906
16269,"Hurricane","Indonesia",10,10870838.35,52577
4252,"Volcanic Eruption","Japan",10,9282415.15,41662
13884,"Landslide","India",10,2748322.62,47290
6431,"Drought","India",10,15221912.8,61974
14642,"Earthquake","Indonesia",10,11888170.95,48895
16295,"Flood","Turkey",10,13741072.17,46296
12036,"Earthquake","Chile",10,3855183.86,51500
16299,"Earthquake","Indonesia",10,10249704.74,48133
13887,"Landslide","Japan",10,4100303.3,53098
19414,"Drought","Turkey",10,12335356.0,41656
12054,"Flood","Turkey",10,6710930.94,40510
12059,"Earthquake","Philippines",10,13063882.46,58723
6439,"Volcanic Eruption","USA",10,9012371.29,42373
12065,"Volcanic Eruption","Philippines",10,6811698.36,41002
1308,"Drought","Chile",10,1983407.46,35175
12078,"Earthquake","Italy",10,7170413.66,60485
13893,"Hurricane","India",10,12354933.69,54148
4268,"Wildfire","Italy",10,5380276.1,50048
12086,"Earthquake","Indonesia",10,12483628.77,52845
4951,"Earthquake","Turkey",10,6494201.33,42167
14657,"Earthquake","Italy",10,10854171.9,53492
12094,"Volcanic Eruption","India",10,8782433.1,42639
12098,"Volcanic Eruption","India",10,14982239.86,62015
13443,"Flood","USA",10,10478074.95,51040
4953,"Landslide","USA",10,5594185.72,35034
12117,"Landslide","Indonesia",10,9466801.06,40662
6454,"Flood","USA",10,9326929.8,34672
43,"Flood","Indonesia",10,7546149.33,46399
4274,"Flood","Chile",10,12567691.74,44167
12125,"Earthquake","India",10,5445497.69,47370
4281,"Landslide","India",10,7422927.61,44797
12136,"Landslide","USA",10,3758218.19,36749
12141,"Landslide","Philippines",10,16160225.9,64423
6458,"Drought","India",10,8075421.88,34972
19434,"Drought","Chile",10,4679776.39,45509
16332,"Wildfire","Japan",10,3312147.02,53954
4292,"Wildfire","Japan",10,11310543.08,49585
12163,"Wildfire","Chile",10,10835099.35,51193
4293,"Volcanic Eruption","USA",10,2624831.03,42409
12166,"Volcanic Eruption","Philippines",10,15295832.09,56329
12168,"Flood","Turkey",10,15953845.88,66087
12170,"Flood","Indonesia",10,13386280.26,49524
1321,"Flood","Japan",10,13039770.25,51248
16335,"Wildfire","Indonesia",10,6320897.27,57397
13254,"Drought","Turkey",10,7142706.58,61450
12191,"Drought","Italy",10,3538344.69,31479
14670,"Hurricane","Japan",10,4401536.31,49088
6478,"Flood","India",10,9839055.17,43278
156,"Volcanic Eruption","Philippines",10,13029968.7,50117
19455,"Volcanic Eruption","Philippines",10,11826004.49,46750
712,"Wildfire","Turkey",10,5640088.8,41030
16346,"Volcanic Eruption","Japan",10,9637517.79,44931
465,"Drought","India",10,12773673.57,58539
521,"Volcanic Eruption","USA",10,9492764.22,33162
5453,"Earthquake","Italy",10,4371727.88,48438
13897,"Volcanic Eruption","Chile",10,10524654.45,48119
19476,"Earthquake","Italy",10,12441179.23,45039
6488,"Drought","India",10,7479881.0,47396
13448,"Volcanic Eruption","Japan",10,14276017.81,53481
12236,"Landslide","Italy",10,12782302.16,54291
12253,"Hurricane","Philippines",10,3572414.58,38933
14694,"Landslide","Chile",10,7767064.0,33836
12257,"Wildfire","India",10,4085290.13,45905
1329,"Landslide","Italy",10,3073806.27,36074
13899,"Landslide","Philippines",10,6701245.63,43307
19503,"Drought","Indonesia",10,7960759.79,52473
19507,"Flood","USA",10,8403207.91,53269
4606,"Flood","Chile",10,4652227.28,49285
12276,"Earthquake","Italy",10,12765389.46,51706
12279,"Earthquake","Japan",10,4212827.97,58200
12280,"Flood","Japan",10,6011630.08,56352
12282,"Landslide","Chile",10,5184774.4,48892
12285,"Flood","Chile",10,10823833.82,51073
13459,"Landslide","Turkey",10,12218820.24,42597
19516,"Volcanic Eruption","Japan",10,12897013.62,48524
16383,"Wildfire","Indonesia",10,16083879.31,54945
12295,"Wildfire","Turkey",10,4837575.96,59685
13170,"Volcanic Eruption","Italy",10,3490359.34,43655
4327,"Hurricane","India",10,8908711.35,56697
6497,"Earthquake","Turkey",10,7251405.65,49620
1339,"Hurricane","Japan",10,4635679.26,53078
13907,"Hurricane","Italy",10,5822927.94,46880
449,"Flood","Italy",10,7378321.89,45815
12324,"Volcanic Eruption","Indonesia",10,14926977.66,56780
4335,"Landslide","Philippines",10,11004260.45,42125
12326,"Wildfire","Philippines",10,13000840.83,50157
1350,"Earthquake","Turkey",10,12958676.07,58723
4765,"Volcanic Eruption","Chile",10,10214368.71,36797
4338,"Volcanic Eruption","Turkey",10,15143462.7,53713
16394,"Hurricane","Japan",10,8251651.13,49445
19544,"Landslide","Japan",10,18423844.17,62701
12349,"Flood","Chile",10,11618957.26,57973
16403,"Landslide","Chile",10,13624135.16,50104
19546,"Volcanic Eruption","Chile",10,4724600.87,55482
12352,"Landslide","India",10,7920650.05,52813
16410,"Drought","Philippines",10,16117466.87,55089
6518,"Flood","Chile",10,3166279.02,51260
12357,"Volcanic Eruption","Italy",10,4601459.87,41304
12358,"Landslide","Japan",10,6500240.74,28772
14714,"Earthquake","Chile",10,16887625.85,58050
12361,"Volcanic Eruption","Philippines",10,8389550.94,50764
19559,"Hurricane","Chile",10,6246559.3,59862
12368,"Drought","Indonesia",10,15212311.54,51945
4353,"Earthquake","Indonesia",10,6554429.84,44925
12377,"Hurricane","Chile",10,16632031.77,57566
13911,"Flood","Italy",10,4083552.22,31416
12399,"Earthquake","India",10,10911512.93,60832
19564,"Wildfire","USA",10,11671082.01,47940
4359,"Volcanic Eruption","Philippines",10,4604216.26,50975
588,"Volcanic Eruption","Indonesia",10,13353627.42,49147
16420,"Volcanic Eruption","Indonesia",10,4426741.44,41023
16421,"Drought","Chile",10,5170188.17,42271
13471,"Flood","Italy",10,11042262.8,42816
12420,"Hurricane","Indonesia",10,7116766.43,42978
12421,"Hurricane","Philippines",10,14882482.58,52378
1363,"Volcanic Eruption","Chile",10,20178637.82,67338
4770,"Drought","Philippines",10,7788756.2,58501
12431,"Landslide","Chile",10,2632991.42,42118
16426,"Wildfire","Indonesia",10,3317231.21,49737
12438,"Wildfire","India",10,7546310.19,51777
19594,"Flood","Indonesia",10,5260816.29,55356
12448,"Flood","Turkey",10,5236663.35,48048
19595,"Earthquake","Italy",10,12166533.51,55201
4371,"Earthquake","Indonesia",10,6846452.89,44127
4372,"Landslide","Chile",10,8049704.65,50125
6530,"Landslide","Chile",10,11072094.03,49605
450,"Hurricane","Philippines",10,10330139.81,53784
12467,"Hurricane","Philippines",10,12752157.14,55715
12471,"Landslide","Philippines",10,10970082.7,55077
4378,"Flood","India",10,2984037.13,39799
4773,"Earthquake","Turkey",10,13943058.5,50135
19602,"Landslide","Philippines",10,2416706.16,39998
5476,"Volcanic Eruption","India",10,2692699.88,46972
19615,"Wildfire","Chile",10,6030376.71,48859
4384,"Flood","Turkey",10,10928752.31,47634
12485,"Wildfire","Indonesia",10,4497969.8,54335
1370,"Drought","India",10,6433951.79,59182
719,"Flood","Chile",10,4127803.91,45416
4394,"Landslide","Philippines",10,13817449.35,48954
12492,"Earthquake","Japan",10,11187728.69,50432
12493,"Landslide","India",10,3001900.24,36060
19617,"Volcanic Eruption","Indonesia",10,11209169.89,48452
12496,"Flood","Turkey",10,11789509.93,59464
4395,"Landslide","India",10,9745168.08,52128
1373,"Landslide","USA",10,14281054.98,56312
1608,"Flood","Philippines",10,6511485.42,59960
1380,"Wildfire","India",10,12745872.39,46103
1385,"Flood","Turkey",10,9152680.27,42232
4410,"Drought","Japan",10,6206849.12,37220
12522,"Landslide","Philippines",10,4005291.35,43681
12523,"Drought","Japan",10,8884088.95,64871
16436,"Volcanic Eruption","Italy",10,12640964.67,43368
5482,"Landslide","Philippines",10,10449715.63,45050
14732,"Wildfire","Chile",10,11985340.78,59085
12540,"Hurricane","Indonesia",10,3835342.65,33437
16457,"Landslide","Philippines",10,12442025.02,62555
16460,"Wildfire","India",10,6670865.68,37445
14733,"Earthquake","Philippines",10,17119982.68,58147
12548,"Flood","Japan",10,5382146.35,46973
6552,"Hurricane","Indonesia",10,10308255.67,41016
1798,"Flood","Chile",10,10155126.04,47264
4417,"Hurricane","Japan",10,15916075.38,58639
19650,"Hurricane","Japan",10,14390531.31,48850
12569,"Flood","Turkey",10,4045832.51,55488
19653,"Drought","Turkey",10,10668012.79,48879
1394,"Volcanic Eruption","Japan",10,4787396.32,46347
12588,"Landslide","Japan",10,8185759.01,54119
12589,"Drought","India",10,2856197.02,26735
19656,"Landslide","Italy",10,14708033.91,61030
4427,"Landslide","India",10,5469324.09,47099
4428,"Landslide","India",10,6325857.74,43622
12593,"Earthquake","USA",10,12731104.95,53110
12595,"Earthquake","Italy",10,12419646.86,55001
164,"Drought","Japan",10,4112467.83,46158
14737,"Earthquake","India",10,7762504.17,38248
16489,"Drought","Indonesia",10,9235179.96,35467
4429,"Flood","Indonesia",10,10114216.75,41152
4438,"Flood","Italy",10,7348666.75,65939
12609,"Hurricane","Chile",10,11895950.63,43685
4439,"Flood","India",10,9724125.05,54213
12611,"Hurricane","Italy",10,7351190.9,50638
19671,"Hurricane","India",10,11428767.16,45675
12618,"Drought","India",10,9863610.02,50753
12621,"Flood","India",10,8853068.81,55217
12633,"Volcanic Eruption","India",10,12258295.88,51671
6561,"Hurricane","Turkey",10,7316316.05,57505
12640,"Volcanic Eruption","Philippines",10,10939918.62,50055
16490,"Wildfire","India",10,11650546.83,57301
12650,"Landslide","Chile",10,12359624.29,45009
14744,"Drought","Philippines",10,10884110.94,42331
4440,"Earthquake","Turkey",10,2487462.18,46039
12655,"Landslide","Indonesia",10,10056399.85,62345
1404,"Volcanic Eruption","Chile",10,2524521.63,42311
12663,"Flood","Japan",10,6579662.61,40972
19687,"Hurricane","Chile",10,7973587.36,43072
19688,"Hurricane","Indonesia",10,14300649.15,48643
4449,"Volcanic Eruption","Chile",10,6095981.93,47745
4777,"Drought","USA",10,6396230.06,50915
12684,"Hurricane","USA",10,16293439.31,56466
16495,"Flood","India",10,4997819.54,53907
19693,"Wildfire","Italy",10,3466718.45,60856
19702,"Landslide","Turkey",10,17889796.79,64882
16499,"Earthquake","India",10,5455643.86,55713
12694,"Hurricane","Turkey",10,17868657.74,62622
12695,"Flood","USA",10,13580527.65,66136
14748,"Volcanic Eruption","Italy",10,11429528.27,57903
12704,"Landslide","Turkey",10,7680190.69,36341
4779,"Flood","Japan",10,3381277.41,57646
4457,"Landslide","Turkey",10,10811987.04,55073
1455,"Flood","USA",10,5768606.29,42503
1801,"Flood","Turkey",10,5416679.91,39535
6570,"Hurricane","Turkey",10,3817699.17,54353
19730,"Wildfire","Philippines",10,14173974.92,54725
4459,"Landslide","Philippines",10,3488672.42,56394
12731,"Landslide","Italy",10,3696537.6,51168
19732,"Landslide","Japan",10,4989397.9,40883
19741,"Drought","India",10,4139447.67,44897
12736,"Hurricane","Italy",10,7266276.71,39789
12739,"Landslide","Chile",10,8762872.93,51126
14759,"Volcanic Eruption","Japan",10,12051187.88,50354
5500,"Volcanic Eruption","USA",10,12643389.3,48510
19748,"Wildfire","USA",10,14332686.43,59510
12752,"Wildfire","India",10,5262129.64,46806
6577,"Hurricane","Italy",10,11261055.64,56690
19752,"Wildfire","Chile",10,9345539.18,45262
16517,"Drought","Turkey",10,5926440.92,59906
12762,"Volcanic Eruption","Italy",10,19048589.57,63857
12764,"Earthquake","Turkey",10,12501193.78,64279
12771,"Wildfire","USA",10,5390386.01,58673
12772,"Wildfire","Chile",10,9366426.39,47110
12775,"Hurricane","USA",10,14768982.86,61477
19758,"Landslide","USA",10,10875862.43,40049
4996,"Earthquake","Philippines",10,10153348.74,58691
12781,"Flood","USA",10,10494032.84,48842
19770,"Earthquake","Turkey",10,10202133.82,51072
16523,"Hurricane","Japan",10,16551580.58,56152
16524,"Flood","USA",10,9244266.06,49123
4464,"Earthquake","Italy",10,7094034.82,50769
14763,"Landslide","Turkey",10,5128554.2,51352
12833,"Volcanic Eruption","USA",10,7904056.54,65129
12834,"Landslide","Chile",10,4677428.22,49598
4465,"Drought","Chile",10,13562938.76,54691
6592,"Flood","Philippines",10,12155059.55,63615
12845,"Flood","Italy",10,9716307.25,38434
16535,"Volcanic Eruption","USA",10,11044698.66,56672
12852,"Landslide","Japan",10,11991523.44,47413
12859,"Volcanic Eruption","India",10,9997760.33,42955
19786,"Flood","Italy",10,11051567.71,69536
4997,"Hurricane","Indonesia",10,3070066.65,58422
4469,"Volcanic Eruption","Turkey",10,8968410.53,54227
12870,"Hurricane","Indonesia",10,5930170.23,52045
19790,"Landslide","India",10,9512350.98,58813
16542,"Flood","Indonesia",10,3323261.63,57120
4476,"Volcanic Eruption","Chile",10,6307433.61,46313
12884,"Drought","USA",10,8484995.16,42132
12885,"Hurricane","Italy",10,7913226.64,60066
12894,"Flood","Turkey",10,3601872.92,45629
6599,"Hurricane","Indonesia",10,12615041.74,57667
1806,"Wildfire","Philippines",10,16794293.9,67076
12902,"Wildfire","Indonesia",10,7940146.33,42099
12903,"Landslide","Chile",10,2504763.43,42808
14767,"Earthquake","Japan",10,10706956.09,52200
19813,"Drought","Indonesia",10,10532631.27,42167
4482,"Landslide","Indonesia",10,7688281.7,67353
12913,"Landslide","USA",10,7699553.09,57638
12914,"Wildfire","Chile",10,8278958.72,55920
19817,"Hurricane","Turkey",10,6356520.4,49028
4486,"Drought","Philippines",10,7506629.99,43304
12920,"Wildfire","Japan",10,5816809.89,48965
1412,"Earthquake","Turkey",10,4374878.3,48225
12922,"Drought","India",10,6947727.36,49597
12926,"Flood","Italy",10,8900216.19,55511
12927,"Earthquake","USA",10,3427717.53,41079
12936,"Hurricane","Italy",10,6273515.33,43441
19825,"Volcanic Eruption","Italy",10,14199876.28,48830
16548,"Drought","India",10,12940173.5,47929
16549,"Wildfire","Philippines",10,10220778.87,42641
13476,"Flood","USA",10,8700324.46,51653
19843,"Hurricane","Philippines",10,7783955.04,46438
12961,"Landslide","Philippines",10,9435056.47,60464
12962,"Volcanic Eruption","Italy",10,4954124.24,53577
6607,"Earthquake","Japan",10,12049941.12,58831
14772,"Hurricane","Turkey",10,15698965.51,66707
2230,"Hurricane","Indonesia",10,2218579.45,41590
19853,"Drought","USA",10,17035368.71,57946
13936,"Drought","India",10,13772732.89,58497
12975,"Hurricane","USA",10,3214923.09,36186
125,"Wildfire","India",10,3505391.57,48849
6614,"Drought","Indonesia",10,5037241.02,47337
19858,"Volcanic Eruption","India",10,6490587.43,39852
14781,"Landslide","Italy",10,13201604.05,54380
12991,"Drought","Philippines",10,5970259.58,57752
14783,"Hurricane","Philippines",10,10251446.79,47826
12994,"Volcanic Eruption","Chile",10,7268190.98,46056
19866,"Drought","USA",10,17991538.85,63934
528,"Wildfire","Indonesia",10,5069565.29,62177
16561,"Volcanic Eruption","Philippines",10,7809332.47,54728
5004,"Flood","India",10,5427736.05,49001
1426,"Earthquake","Italy",10,12300629.41,53686
13017,"Hurricane","Chile",10,9093399.11,43935
1811,"Volcanic Eruption","Philippines",10,8837507.68,55029
13024,"Flood","Chile",10,14706263.84,56492
19873,"Wildfire","India",10,7802502.35,53533
2245,"Hurricane","India",10,14280302.43,55963
13037,"Landslide","Japan",10,3944869.17,42346
13040,"Drought","USA",10,8042521.64,61065
1613,"Drought","USA",10,5116608.64,47906
4527,"Hurricane","Indonesia",10,9978166.39,60665
12341,"Drought","Italy",9,9889793.0,38680
4339,"Wildfire","Turkey",9,10999568.03,45151
12350,"Drought","Indonesia",9,3519379.87,53737
4345,"Earthquake","Indonesia",9,3918541.41,35912
1359,"Drought","Philippines",9,11378435.62,49168
12356,"Wildfire","Philippines",9,9366031.52,34984
12359,"Volcanic Eruption","Indonesia",9,4132254.4,36846
4352,"Hurricane","Japan",9,4752682.21,34737
12384,"Volcanic Eruption","Italy",9,4836547.33,31447
12401,"Flood","Indonesia",9,5492698.83,34330
12410,"Volcanic Eruption","Indonesia",9,8862391.61,48781
4363,"Wildfire","USA",9,6115848.1,32846
12416,"Earthquake","Indonesia",9,14182121.09,54381
12418,"Wildfire","Chile",9,5481356.16,38959
1364,"Flood","USA",9,11564633.51,51548
12432,"Flood","Indonesia",9,1673968.44,27217
12442,"Earthquake","Italy",9,8068082.17,36275
12456,"Drought","India",9,7846993.35,41659
12461,"Wildfire","India",9,6330428.05,49302
1366,"Wildfire","Italy",9,11320020.62,41044
12477,"Hurricane","Japan",9,6850932.24,43791
12478,"Wildfire","Italy",9,9852887.15,45146
12481,"Landslide","Italy",9,12943039.22,49607
4388,"Hurricane","Philippines",9,5996009.31,55267
12494,"Flood","Indonesia",9,5534924.98,24719
12502,"Hurricane","Indonesia",9,4317955.88,31720
12525,"Earthquake","India",9,4663639.52,45666
4414,"Wildfire","India",9,9243684.4,39951
4415,"Landslide","Indonesia",9,12776288.38,43981
12542,"Landslide","Chile",9,9362372.55,44827
12543,"Earthquake","USA",9,4286320.44,39290
12547,"Earthquake","USA",9,5623605.33,53269
12552,"Volcanic Eruption","USA",9,5004441.1,32015
12554,"Hurricane","Italy",9,10814664.77,38477
1391,"Hurricane","Chile",9,6523629.8,26979
12576,"Earthquake","India",9,7550636.08,43980
4426,"Landslide","Indonesia",9,13206156.31,54353
12596,"Drought","Philippines",9,12444761.87,49113
12599,"Hurricane","Indonesia",9,3343088.29,35171
12602,"Landslide","Turkey",9,7090374.09,32978
12612,"Drought","Chile",9,5724630.08,59737
12638,"Flood","Turkey",9,6688204.28,42639
12648,"Volcanic Eruption","Italy",9,12185489.61,53204
12651,"Hurricane","Italy",9,4571064.72,45542
12669,"Flood","India",9,4388204.88,46317
12677,"Earthquake","Japan",9,10858986.44,42527
4455,"Landslide","Turkey",9,7321269.8,53692
4456,"Hurricane","Chile",9,3686295.41,38558
12688,"Volcanic Eruption","Philippines",9,5254275.97,48229
12689,"Hurricane","Indonesia",9,7831139.72,51145
12693,"Drought","Italy",9,3816655.83,40132
12696,"Volcanic Eruption","USA",9,3886769.92,45461
12705,"Earthquake","Japan",9,7735887.99,49374
4458,"Drought","Chile",9,11789992.72,55603
12718,"Landslide","Philippines",9,6520731.79,26816
12724,"Volcanic Eruption","Indonesia",9,7800544.08,38489
12727,"Volcanic Eruption","Indonesia",9,10875079.11,44565
12734,"Wildfire","Indonesia",9,14807570.88,53037
12735,"Earthquake","Italy",9,11686184.57,68015
12747,"Hurricane","USA",9,6253179.89,47086
12750,"Wildfire","Turkey",9,14066278.93,55366
12751,"Wildfire","Japan",9,5020174.25,56122
12759,"Drought","USA",9,2589908.81,48424
1405,"Drought","Philippines",9,10179722.9,44220
12761,"Landslide","Philippines",9,16086389.53,54314
12779,"Wildfire","Indonesia",9,9326258.37,48637
1407,"Drought","Chile",9,6134995.85,49778
12788,"Wildfire","Japan",9,4004984.81,66275
12793,"Wildfire","Indonesia",9,8461982.43,39591
12810,"Drought","India",9,6085746.14,48080
12829,"Flood","Indonesia",9,6773329.78,51779
4467,"Drought","Japan",9,6299663.62,35390
4468,"Landslide","Italy",9,3289236.92,48218
12862,"Earthquake","India",9,13762106.89,54859
12863,"Volcanic Eruption","India",9,6244881.13,44129
4470,"Wildfire","India",9,10888944.62,39632
1409,"Earthquake","Italy",9,4087403.34,46356
4479,"Volcanic Eruption","Chile",9,10007998.75,44907
12901,"Flood","USA",9,8223024.93,55878
12905,"Earthquake","Japan",9,12350111.11,45560
12909,"Landslide","Japan",9,6419005.4,34890
12917,"Drought","Turkey",9,4439782.82,52235
1416,"Wildfire","Philippines",9,9739648.59,41439
4491,"Wildfire","Italy",9,8348965.62,47779
12947,"Volcanic Eruption","Chile",9,13151874.15,53091
4495,"Volcanic Eruption","Philippines",9,6989753.3,37196
12954,"Flood","Italy",9,6283945.69,49890
4497,"Drought","USA",9,15176328.87,64524
4498,"Drought","Chile",9,14387649.04,56059
4502,"Wildfire","Chile",9,9627297.24,48200
4503,"Drought","Indonesia",9,12596384.45,43171
12970,"Earthquake","Chile",9,16060153.84,58274
4514,"Wildfire","Philippines",9,9037842.65,53854
12980,"Volcanic Eruption","Italy",9,13712723.42,50162
4515,"Volcanic Eruption","USA",9,12046673.02,55251
12992,"Earthquake","Indonesia",9,3608618.89,38854
4517,"Flood","Philippines",9,11480545.9,51929
13006,"Drought","Japan",9,4014741.84,44438
13008,"Wildfire","Italy",9,5335776.79,51489
13011,"Wildfire","Italy",9,8770699.47,45235
13022,"Earthquake","Indonesia",9,7008988.09,54160
13027,"Hurricane","Turkey",9,6062437.27,43904
13028,"Wildfire","Turkey",9,9469463.58,34490
13042,"Earthquake","Italy",9,11372246.04,49983
8041,"Landslide","Chile",9,11970140.11,51868
13049,"Hurricane","Italy",9,8787370.96,42635
13088,"Hurricane","Indonesia",9,15703309.3,58851
13090,"Landslide","Chile",9,5125024.8,52773
13097,"Landslide","Chile",9,13341704.53,47867
13102,"Landslide","Turkey",9,5933434.3,52086
4553,"Landslide","Chile",9,14672170.59,50685
4555,"Volcanic Eruption","India",9,7190034.26,45254
13127,"Flood","Turkey",9,7279680.87,39544
13138,"Earthquake","Japan",9,10614498.36,45319
4558,"Drought","USA",9,7717838.18,35814
13145,"Hurricane","Indonesia",9,8514132.77,33891
13157,"Flood","Chile",9,9668541.43,56661
13163,"Volcanic Eruption","Turkey",9,5341265.91,32055
13168,"Hurricane","Indonesia",9,12309687.42,41815
4570,"Landslide","Philippines",9,5848384.92,60854
4574,"Wildfire","Italy",9,10515400.48,54191
13185,"Hurricane","Italy",9,11358678.37,42413
1433,"Landslide","India",9,8088929.09,47482
13193,"Flood","Turkey",9,8344197.27,33596
1437,"Wildfire","Italy",9,4590265.84,22817
13201,"Landslide","India",9,12221869.67,42560
13203,"Hurricane","Indonesia",9,3227163.56,37532
13210,"Wildfire","Chile",9,11155616.61,38364
13211,"Hurricane","Japan",9,17385977.39,66220
13218,"Earthquake","Japan",9,4492813.77,37871
13220,"Hurricane","Turkey",9,10349686.92,57844
13228,"Volcanic Eruption","India",9,11395761.95,43994
13229,"Earthquake","Indonesia",9,7428217.73,42911
13232,"Earthquake","Philippines",9,15001219.95,53795
13233,"Drought","USA",9,7149454.15,34540
464,"Earthquake","Philippines",9,14226526.84,53756
13263,"Volcanic Eruption","Japan",9,8943722.66,59552
13268,"Hurricane","Chile",9,10372890.75,44852
13281,"Landslide","Chile",9,9096350.76,57510
13282,"Drought","Turkey",9,7338880.27,51544
13283,"Hurricane","Indonesia",9,14060098.1,48202
13291,"Volcanic Eruption","Indonesia",9,4182892.17,33716
13301,"Drought","Japan",9,6270740.47,38648
13309,"Wildfire","Indonesia",9,8855805.37,48596
13322,"Drought","Indonesia",9,8376121.65,47489
4633,"Landslide","Turkey",9,13459637.48,48780
13329,"Hurricane","India",9,4937737.46,42247
13342,"Hurricane","Turkey",9,6263402.85,55696
13352,"Landslide","Indonesia",9,2762085.15,32869
4646,"Flood","India",9,9236987.61,48913
13360,"Landslide","Indonesia",9,10149300.79,39875
13361,"Earthquake","Turkey",9,8978047.69,45958
4658,"Flood","Chile",9,11969767.71,42124
13371,"Flood","Turkey",9,6977157.72,32902
4663,"Volcanic Eruption","Philippines",9,11330567.81,45393
13378,"Landslide","USA",9,6630066.67,45415
4669,"Earthquake","India",9,7781396.41,34540
13400,"Earthquake","Philippines",9,11768805.32,45827
92,"Flood","Turkey",9,10071365.2,35648
1477,"Wildfire","USA",9,6940923.14,40010
13417,"Earthquake","Japan",9,10387523.96,43578
13435,"Wildfire","India",9,2966133.08,38072
4679,"Wildfire","India",9,5080053.99,28045
4686,"Earthquake","Turkey",9,7806262.23,36924
13447,"Earthquake","Chile",9,12551200.58,49214
1485,"Drought","Philippines",9,8026456.34,28878
13466,"Volcanic Eruption","Indonesia",9,5436031.4,34896
13473,"Wildfire","Chile",9,7612667.12,44802
13477,"Volcanic Eruption","USA",9,3542017.25,61971
13487,"Landslide","Chile",9,9989046.53,39337
467,"Earthquake","Turkey",9,9222829.17,53203
13489,"Drought","Japan",9,9953547.08,53901
13491,"Earthquake","Turkey",9,6612144.13,39967
13498,"Landslide","India",9,1916559.02,33246
13506,"Flood","Turkey",9,13951015.86,50115
4698,"Landslide","Turkey",9,8479591.26,45004
13523,"Wildfire","Turkey",9,4896115.0,47112
13535,"Earthquake","India",9,7985541.71,49528
13540,"Wildfire","Turkey",9,11098695.73,49887
13541,"Hurricane","Indonesia",9,9331821.45,41676
13542,"Earthquake","Chile",9,15657701.67,53700
1496,"Landslide","Italy",9,4142268.97,56437
13552,"Volcanic Eruption","Italy",9,6681871.65,55283
4705,"Hurricane","USA",9,9760932.21,46586
13564,"Wildfire","Indonesia",9,8576877.0,49773
13571,"Drought","Philippines",9,7593928.8,54247
1501,"Landslide","Turkey",9,8558935.13,36430
13588,"Flood","Turkey",9,10701844.5,36305
13604,"Drought","Italy",9,3618191.11,28953
4718,"Drought","Chile",9,5056312.36,43792
13620,"Volcanic Eruption","Chile",9,6742336.8,30430
13624,"Flood","Indonesia",9,8763649.03,31655
13634,"Wildfire","Japan",9,2363993.05,28523
13642,"Flood","India",9,2828243.05,36221
4722,"Flood","Turkey",9,3089009.42,54219
13654,"Drought","Turkey",9,4764962.74,26254
13661,"Earthquake","Japan",9,11368369.24,48709
13671,"Wildfire","Japan",9,5171377.23,40855
13672,"Volcanic Eruption","Philippines",9,10613074.69,47210
13678,"Volcanic Eruption","Japan",9,7686669.46,45224
13683,"Earthquake","Italy",9,11853516.44,48957
4730,"Drought","Chile",9,6571567.46,51238
13700,"Volcanic Eruption","Turkey",9,15383576.69,56937
13711,"Wildfire","Chile",9,3233904.28,37240
13713,"Earthquake","Japan",9,2000287.23,34031
4732,"Volcanic Eruption","Indonesia",9,2389412.22,42179
13722,"Earthquake","Italy",9,13865951.59,46242
4735,"Hurricane","India",9,9255497.41,45485
13733,"Volcanic Eruption","Italy",9,7130098.9,51995
13751,"Flood","USA",9,10493517.05,60394
13757,"Hurricane","India",9,7138908.32,28302
4737,"Volcanic Eruption","Chile",9,12332921.31,46408
4743,"Volcanic Eruption","Japan",9,4782820.08,46053
13778,"Drought","Turkey",9,10584229.48,35808
13786,"Landslide","Philippines",9,4114646.72,38087
4745,"Hurricane","India",9,4038502.5,48462
13800,"Earthquake","Italy",9,13471799.43,45199
13801,"Landslide","India",9,8231994.01,46942
4749,"Drought","Turkey",9,12977293.61,48045
13808,"Volcanic Eruption","India",9,12189329.36,44259
13812,"Flood","Philippines",9,12388097.79,49473
13827,"Wildfire","Philippines",9,6522575.13,50843
13834,"Drought","India",9,8023481.82,47730
4753,"Flood","Chile",9,3413798.35,44149
4754,"Flood","India",9,5652220.13,52069
4755,"Wildfire","USA",9,5150236.15,33585
13875,"Wildfire","USA",9,4207263.91,41969
1509,"Wildfire","Indonesia",9,9315567.92,35834
13895,"Hurricane","India",9,9042726.71,35036
13896,"Drought","India",9,9967401.61,38828
13898,"Landslide","Italy",9,15152097.06,51880
13902,"Drought","USA",9,6060249.26,41389
140,"Earthquake","Japan",9,2658593.1,31072
13905,"Flood","Chile",9,6228907.3,52180
145,"Earthquake","Italy",9,4564324.71,40155
4782,"Earthquake","India",9,10635082.94,42692
13932,"Landslide","India",9,8425021.1,54657
13938,"Flood","Japan",9,4015086.39,40301
13943,"Hurricane","Philippines",9,7605606.2,45378
4784,"Hurricane","India",9,9691004.32,43447
13949,"Landslide","Turkey",9,3250720.33,51590
13971,"Landslide","Japan",9,4362002.56,48300
13976,"Flood","Italy",9,7103878.67,55850
13977,"Flood","Turkey",9,7221250.85,42429
13978,"Drought","Philippines",9,8199281.24,49168
13992,"Flood","Turkey",9,7473673.48,55767
14011,"Wildfire","Indonesia",9,3075255.5,48746
1540,"Landslide","Chile",9,7225890.68,43196
14025,"Hurricane","India",9,7153891.42,47302
4802,"Earthquake","Japan",9,5052706.82,37692
4806,"Earthquake","India",9,11343359.53,53405
14044,"Drought","Japan",9,2517068.83,42299
14047,"Drought","Indonesia",9,2798878.96,40733
14050,"Drought","Indonesia",9,10926945.7,45139
14054,"Landslide","Chile",9,3599853.09,38476
14065,"Landslide","USA",9,11361783.23,49314
14070,"Hurricane","Turkey",9,12548604.02,50282
1548,"Flood","Japan",9,2770052.15,52971
14085,"Drought","Philippines",9,9641929.72,40399
14096,"Wildfire","Italy",9,10447500.51,36774
14098,"Volcanic Eruption","Indonesia",9,13462128.42,50369
14100,"Earthquake","USA",9,12253638.47,47095
14108,"Hurricane","USA",9,9276297.0,53044
14115,"Earthquake","Indonesia",9,9730710.63,38262
4825,"Hurricane","Chile",9,12998184.2,48969
4833,"Hurricane","USA",9,12748789.93,47396
14139,"Flood","Italy",9,3406220.79,51227
14140,"Hurricane","Japan",9,11565462.9,51831
4845,"Volcanic Eruption","India",9,4439574.77,24487
14155,"Hurricane","Japan",9,6563163.88,55896
14156,"Hurricane","Philippines",9,8024457.02,46522
1552,"Flood","Turkey",9,5324192.37,29841
14164,"Landslide","Chile",9,9872398.44,43626
14169,"Earthquake","Turkey",9,2783602.02,46177
4851,"Volcanic Eruption","Turkey",9,11119342.67,44929
14195,"Earthquake","Turkey",9,5039078.85,51527
4853,"Drought","Philippines",9,6356886.22,55210
14214,"Landslide","Philippines",9,10965259.45,43708
14216,"Earthquake","Chile",9,6779775.88,29183
501,"Landslide","Japan",9,6555483.18,47458
14248,"Volcanic Eruption","Chile",9,6357653.79,49302
14254,"Landslide","USA",9,14557362.56,51760
14259,"Volcanic Eruption","Chile",9,11506678.11,42325
14260,"Drought","Indonesia",9,12403190.93,50237
4865,"Landslide","Turkey",9,2740055.71,46052
4867,"Drought","Chile",9,8057526.12,38100
14287,"Earthquake","Turkey",9,2319203.8,45225
14290,"Earthquake","India",9,6350354.95,52935
14298,"Drought","Philippines",9,4439412.52,45966
4874,"Wildfire","Turkey",9,7656565.36,39157
4879,"Wildfire","USA",9,2349324.03,35542
14316,"Landslide","Turkey",9,9280970.64,32836
4882,"Landslide","USA",9,14409681.76,49700
14332,"Earthquake","Japan",9,10534278.15,39799
14333,"Drought","India",9,2494777.54,33798
14336,"Flood","Italy",9,8611515.3,47078
1581,"Drought","Japan",9,9236665.15,43473
14346,"Volcanic Eruption","USA",9,11845928.45,41820
14355,"Wildfire","Japan",9,3813573.44,53429
14358,"Drought","Philippines",9,5742385.73,47608
14364,"Wildfire","Philippines",9,6620563.71,47479
14367,"Hurricane","Turkey",9,2773900.07,51621
14381,"Earthquake","Chile",9,4442223.62,49817
14393,"Volcanic Eruption","Indonesia",9,10575019.91,46959
14396,"Volcanic Eruption","India",9,8766352.06,33647
14399,"Earthquake","Chile",9,3808965.4,44394
1584,"Hurricane","Italy",9,15193578.34,50791
4900,"Landslide","Chile",9,9632442.0,41119
14423,"Volcanic Eruption","Turkey",9,6384336.99,34772
14424,"Earthquake","Indonesia",9,6964271.27,40857
1590,"Wildfire","Indonesia",9,10886252.89,44054
14426,"Landslide","Japan",9,7750275.48,51865
4906,"Wildfire","Philippines",9,6616074.9,40638
14432,"Drought","Indonesia",9,2782926.25,45815
14441,"Hurricane","Japan",9,3121394.23,45203
4910,"Hurricane","Turkey",9,2232262.0,31372
1591,"Drought","USA",9,7415474.32,31754
4916,"Drought","Turkey",9,4300848.64,23689
14478,"Flood","USA",9,2658798.88,43209
14480,"Flood","Japan",9,7535408.61,44616
14485,"Earthquake","Indonesia",9,12834048.49,47048
14487,"Flood","Italy",9,9000970.03,32904
14489,"Earthquake","USA",9,6840480.22,44247
14490,"Landslide","Philippines",9,5758063.48,64482
14495,"Hurricane","Italy",9,10844129.43,44720
14498,"Wildfire","Chile",9,11378945.39,52875
14503,"Volcanic Eruption","USA",9,6812545.01,48882
14506,"Earthquake","Japan",9,9491933.28,42427
4917,"Wildfire","Italy",9,6640459.03,41728
1595,"Drought","Philippines",9,6803362.44,40857
14516,"Volcanic Eruption","USA",9,8896397.58,38402
149,"Hurricane","Japan",9,11782164.47,40333
14535,"Flood","Japan",9,5955723.04,38121
14553,"Wildfire","USA",9,6563682.89,53564
14554,"Wildfire","Chile",9,5101794.5,58935
14563,"Hurricane","Italy",9,11140937.93,51192
14566,"Wildfire","Italy",9,5675648.15,37148
14567,"Wildfire","Japan",9,4265129.16,56886
14572,"Flood","USA",9,7602490.86,47666
14574,"Earthquake","Philippines",9,4282038.62,41063
14579,"Earthquake","USA",9,10332937.55,43045
4929,"Drought","Turkey",9,9344401.72,32594
14587,"Flood","USA",9,3488529.12,28502
14589,"Hurricane","Japan",9,2848872.91,55749
14595,"Landslide","Japan",9,9049179.9,44417
14602,"Drought","Indonesia",9,4377914.68,30000
14618,"Volcanic Eruption","Japan",9,16050871.17,60779
14624,"Hurricane","Turkey",9,8070290.2,57747
14634,"Flood","Philippines",9,12005127.36,45609
14635,"Hurricane","USA",9,7940966.59,53223
4950,"Hurricane","India",9,8866573.03,49414
14646,"Landslide","India",9,9992896.23,62454
14652,"Landslide","USA",9,5016536.9,47681
14660,"Wildfire","India",9,7557039.78,56517
14668,"Volcanic Eruption","Japan",9,12007393.39,43107
4956,"Drought","USA",9,10546740.87,39749
14692,"Volcanic Eruption","Philippines",9,3091937.9,42763
1607,"Landslide","Philippines",9,6877565.62,39987
14696,"Flood","Italy",9,11309713.49,49435
4965,"Wildfire","India",9,4395671.08,43796
14706,"Wildfire","Indonesia",9,13765425.19,58343
14708,"Wildfire","Indonesia",9,13551189.94,49987
4970,"Hurricane","Indonesia",9,3127216.31,41864
14711,"Earthquake","India",9,12507159.31,42001
4972,"Landslide","India",9,10735274.61,51865
14722,"Flood","Japan",9,1948941.6,29065
14726,"Flood","Japan",9,15686737.95,59457
4973,"Earthquake","Italy",9,11322987.96,66138
4986,"Landslide","USA",9,7385444.36,43822
523,"Flood","Japan",9,11973015.67,51338
14751,"Drought","USA",9,4693995.41,38500
14771,"Earthquake","Indonesia",9,7160555.89,50954
14775,"Landslide","Japan",9,4495862.3,36214
14799,"Wildfire","Philippines",9,2877375.17,40580
5008,"Earthquake","India",9,3275156.9,40327
14822,"Flood","Indonesia",9,13281626.94,44408
14824,"Drought","Italy",9,6202985.01,56459
1626,"Hurricane","Indonesia",9,9476871.62,40029
14841,"Hurricane","Japan",9,6087784.91,47956
5022,"Earthquake","USA",9,6880878.75,37632
5023,"Landslide","Japan",9,5951080.49,33293
1632,"Drought","India",9,3397886.6,44834
14862,"Landslide","Italy",9,4042140.45,38609
5027,"Wildfire","USA",9,4102991.39,56153
14881,"Earthquake","Italy",9,7583573.1,39999
5028,"Volcanic Eruption","Chile",9,5601768.24,48058
14891,"Wildfire","India",9,7173189.35,59124
5029,"Drought","Turkey",9,11391157.52,41821
5030,"Flood","Turkey",9,5556074.37,49913
14910,"Hurricane","Italy",9,9968435.63,56915
1638,"Volcanic Eruption","USA",9,14919266.32,55400
14914,"Volcanic Eruption","Philippines",9,6839892.55,50811
14946,"Drought","USA",9,4864181.7,35404
5037,"Wildfire","Italy",9,8636868.04,37273
14967,"Drought","Italy",9,4559573.01,39921
14969,"Volcanic Eruption","Chile",9,4854149.97,39813
14980,"Wildfire","Italy",9,11190636.73,57290
14983,"Volcanic Eruption","Turkey",9,2544242.06,47276
14986,"Landslide","India",9,8201196.48,43621
533,"Wildfire","India",9,12178598.77,46196
538,"Drought","USA",9,7939520.05,52635
15002,"Hurricane","Italy",9,8271634.37,51547
15009,"Flood","India",9,5594729.72,32874
15021,"Earthquake","Philippines",9,8073327.67,39761
15025,"Hurricane","Italy",9,5570261.62,52354
15028,"Hurricane","Turkey",9,9765739.65,39427
15033,"Earthquake","Italy",9,16975494.07,57105
15034,"Hurricane","Indonesia",9,6234582.94,44654
15035,"Volcanic Eruption","Turkey",9,5784792.57,51974
15043,"Drought","Philippines",9,2861545.06,41368
15047,"Flood","Philippines",9,9347014.85,40857
15055,"Wildfire","Japan",9,13365679.53,50254
15058,"Flood","USA",9,6858201.06,47989
170,"Landslide","Italy",9,10926292.35,57660
15077,"Drought","India",9,10971496.18,51444
15083,"Landslide","Philippines",9,4416764.19,40852
15093,"Wildfire","Italy",9,3456036.74,30756
15103,"Earthquake","India",9,3812266.53,60246
5058,"Volcanic Eruption","Chile",9,12942611.11,54509
5060,"Landslide","Chile",9,7560748.39,50181
15139,"Landslide","Japan",9,9787016.51,43730
15153,"Flood","Philippines",9,2261189.6,35997
15155,"Wildfire","Chile",9,13360165.83,45203
15156,"Hurricane","Turkey",9,5302384.56,58387
5068,"Hurricane","Japan",9,8904987.79,48187
15177,"Drought","Italy",9,3570241.36,38680
15186,"Hurricane","Philippines",9,8104438.48,32996
15195,"Earthquake","Chile",9,14401960.77,49646
15200,"Earthquake","Italy",9,3257668.97,49471
15203,"Hurricane","Philippines",9,5607969.75,42807
15207,"Drought","USA",9,12898863.38,51364
15214,"Earthquake","Turkey",9,14009872.11,48370
15216,"Earthquake","USA",9,10348003.16,42700
5094,"Hurricane","Turkey",9,10575973.04,37908
5100,"Earthquake","Philippines",9,9911379.69,47369
15238,"Landslide","India",9,3973906.42,41264
1666,"Landslide","India",9,3578580.69,40133
5119,"Volcanic Eruption","Turkey",9,5470975.88,40233
15258,"Drought","USA",9,12247551.97,48116
15286,"Earthquake","USA",9,5376245.3,35326
5129,"Wildfire","Indonesia",9,13084102.31,49317
15291,"Landslide","Chile",9,2706779.24,53301
15298,"Landslide","Indonesia",9,3210970.88,50417
172,"Earthquake","Japan",9,9368658.7,51123
5138,"Earthquake","Chile",9,11459135.48,42074
15322,"Hurricane","Indonesia",9,4595928.46,50040
15323,"Wildfire","Chile",9,4065874.35,59412
15336,"Earthquake","Chile",9,9991072.11,57766
1683,"Landslide","Indonesia",9,6698955.12,39062
5155,"Wildfire","India",9,5941304.5,46078
15355,"Earthquake","Chile",9,8662501.72,47078
15362,"Landslide","Chile",9,5854542.37,39571
15386,"Earthquake","Italy",9,4470919.75,40792
15399,"Landslide","Indonesia",9,6591755.62,41111
15402,"Hurricane","India",9,3656266.28,34387
5165,"Hurricane","Indonesia",9,9471682.59,54650
555,"Flood","Chile",9,3323635.33,36955
15429,"Wildfire","Philippines",9,6780336.33,44210
562,"Wildfire","Philippines",9,6889620.52,51900
15454,"Hurricane","Japan",9,7729345.51,46531
5195,"Flood","Turkey",9,10676030.88,37480
15458,"Flood","Japan",9,8034542.67,45463
15460,"Flood","Turkey",9,8710883.42,53963
5196,"Wildfire","Japan",9,8217686.97,38726
5200,"Landslide","Indonesia",9,7688819.51,45454
572,"Wildfire","Philippines",9,6508839.79,27444
5211,"Volcanic Eruption","Indonesia",9,10144414.4,40242
5218,"Landslide","Philippines",9,3699482.95,59507
5221,"Flood","India",9,11524543.19,48384
5222,"Wildfire","USA",9,7291201.3,30291
15546,"Flood","India",9,6762052.17,55841
15552,"Hurricane","Indonesia",9,4056237.38,40694
15557,"Drought","Japan",9,12465792.01,41711
15563,"Drought","Turkey",9,6248661.89,53662
15574,"Wildfire","Indonesia",9,2533053.27,28460
5235,"Earthquake","USA",9,2014678.58,38907
5241,"Wildfire","Chile",9,3924272.56,30987
1696,"Landslide","India",9,9079330.4,49204
1698,"Hurricane","Turkey",9,7935558.06,66827
15651,"Landslide","India",9,4023359.57,47455
15654,"Wildfire","India",9,12806541.24,48100
15658,"Landslide","Chile",9,6453846.73,46793
15660,"Drought","India",9,10400908.16,37915
15661,"Drought","Turkey",9,9523552.77,40446
15662,"Landslide","Chile",9,2854707.31,42430
1707,"Drought","Italy",9,12952247.42,52739
15677,"Flood","Philippines",9,4358604.29,49022
5277,"Landslide","Italy",9,8254292.33,54868
15686,"Volcanic Eruption","USA",9,15804647.56,58561
15705,"Hurricane","India",9,9066999.3,45011
5285,"Hurricane","Indonesia",9,10021397.52,41601
15717,"Wildfire","Philippines",9,9501478.06,35015
15718,"Landslide","Turkey",9,3673113.29,53335
573,"Earthquake","Chile",9,7771125.8,30935
15722,"Earthquake","Japan",9,13141424.64,50172
15725,"Flood","Italy",9,3977361.34,40893
5290,"Volcanic Eruption","Philippines",9,9469659.59,43243
5292,"Volcanic Eruption","Indonesia",9,3291941.89,45179
579,"Landslide","India",9,15684213.94,54873
5298,"Landslide","Turkey",9,4145512.28,31563
15743,"Volcanic Eruption","India",9,10461752.09,54045
1725,"Wildfire","Indonesia",9,9227761.39,41480
15761,"Drought","India",9,8989521.5,38380
15768,"Drought","Turkey",9,14400811.37,51799
5312,"Landslide","Philippines",9,3423182.58,53970
15787,"Wildfire","Chile",9,10479956.01,50870
15791,"Drought","Chile",9,9431341.45,44667
15795,"Drought","Indonesia",9,11589447.74,41056
15799,"Landslide","Turkey",9,4401551.33,43844
5329,"Earthquake","India",9,15293350.12,53577
15813,"Wildfire","India",9,9709401.15,48280
15834,"Landslide","USA",9,10174865.13,50661
15844,"Drought","Indonesia",9,2699837.04,51763
15850,"Volcanic Eruption","Turkey",9,11414757.31,50969
15863,"Earthquake","Philippines",9,3037119.86,52096
15865,"Wildfire","Philippines",9,9969711.47,54164
15866,"Wildfire","Indonesia",9,8514141.33,38046
15867,"Hurricane","USA",9,2860508.4,38554
15870,"Volcanic Eruption","Philippines",9,11986737.47,62509
15874,"Landslide","Turkey",9,4598907.4,29946
15876,"Flood","Turkey",9,7012066.98,55772
15880,"Wildfire","India",9,4889320.56,41574
5358,"Flood","India",9,4667790.15,38080
15929,"Flood","USA",9,4563975.37,37718
15933,"Landslide","USA",9,6477830.04,44508
15935,"Drought","Japan",9,3286322.68,40905
1747,"Earthquake","Japan",9,8078286.9,35323
15949,"Volcanic Eruption","Chile",9,9280689.92,36517
15952,"Drought","Italy",9,10221770.11,56681
15955,"Drought","Turkey",9,7760739.32,38184
15970,"Hurricane","Turkey",9,10745981.82,63018
15972,"Earthquake","Italy",9,5800333.45,57048
5366,"Volcanic Eruption","Philippines",9,6056506.39,30045
1749,"Drought","Philippines",9,10283370.46,45261
5377,"Drought","USA",9,6410592.17,37791
15997,"Drought","Japan",9,2640572.98,32227
16003,"Wildfire","India",9,5566374.05,36209
16005,"Flood","India",9,5187541.18,50061
16009,"Volcanic Eruption","India",9,16366140.28,56688
16015,"Drought","Chile",9,8995269.92,43702
16016,"Landslide","Japan",9,10523813.55,59103
16019,"Wildfire","Philippines",9,8901558.51,39464
16031,"Drought","Turkey",9,6261957.54,35685
16035,"Volcanic Eruption","Indonesia",9,8866111.0,39395
16038,"Landslide","Philippines",9,3986361.38,41692
16052,"Earthquake","Indonesia",9,3479821.88,42054
16066,"Volcanic Eruption","Indonesia",9,14333839.15,59382
5381,"Drought","Italy",9,8675389.31,49615
16079,"Drought","Indonesia",9,2492704.83,41492
16083,"Earthquake","Turkey",9,6550509.56,53566
5384,"Volcanic Eruption","Turkey",9,4152341.16,39278
16095,"Wildfire","Indonesia",9,12156979.55,60064
16097,"Earthquake","Indonesia",9,8878373.6,52876
16109,"Flood","Chile",9,5436871.8,42389
16116,"Volcanic Eruption","Japan",9,8765089.73,50551
16123,"Hurricane","Chile",9,13103760.15,62844
16124,"Flood","Indonesia",9,9221832.98,42671
16126,"Landslide","India",9,9818262.24,49307
16129,"Flood","India",9,12537479.41,45032
5392,"Volcanic Eruption","Italy",9,9306709.91,48768
16140,"Flood","Chile",9,9081626.73,38292
5394,"Drought","USA",9,10070810.87,37793
16152,"Flood","Turkey",9,4624926.89,48760
16169,"Drought","USA",9,5616250.12,36582
1761,"Landslide","India",9,13306187.21,46139
5400,"Flood","Chile",9,10131812.83,41591
16172,"Volcanic Eruption","India",9,4337839.63,36841
16181,"Flood","Chile",9,7596511.29,45524
16198,"Earthquake","Turkey",9,9325513.25,38021
16200,"Drought","Philippines",9,11742313.65,55621
16201,"Drought","USA",9,12762954.3,43291
16205,"Drought","Italy",9,2175108.01,31523
16209,"Drought","Italy",9,13075483.08,44350
5426,"Earthquake","USA",9,9207618.01,38955
16219,"Volcanic Eruption","Chile",9,8172922.04,46424
5427,"Earthquake","Turkey",9,11808316.73,48676
16235,"Volcanic Eruption","Indonesia",9,9521312.9,35816
16238,"Flood","Italy",9,9268160.18,48396
5428,"Drought","Indonesia",9,3078978.72,40221
16245,"Wildfire","USA",9,11059207.91,62609
16250,"Flood","Philippines",9,4160160.34,37665
1765,"Drought","Japan",9,4743080.39,59221
16272,"Earthquake","USA",9,5489136.35,40527
5438,"Earthquake","Turkey",9,3604771.09,40486
16300,"Flood","Philippines",9,11953546.27,59800
5440,"Wildfire","USA",9,8512728.0,33824
16317,"Flood","USA",9,11590972.0,45475
5447,"Wildfire","USA",9,9675323.97,40407
1768,"Flood","Italy",9,5635577.25,53566
16329,"Landslide","Japan",9,6982139.01,55004
16337,"Landslide","Indonesia",9,5608445.38,42478
16339,"Earthquake","Chile",9,8559143.01,42691
16341,"Wildfire","Japan",9,13555494.31,65881
16349,"Volcanic Eruption","Indonesia",9,7432136.81,45886
5452,"Volcanic Eruption","India",9,14185681.84,48908
16359,"Hurricane","USA",9,11720340.94,45808
5454,"Volcanic Eruption","Japan",9,2754192.74,41148
1774,"Landslide","Turkey",9,6226655.65,59656
5458,"Hurricane","India",9,3776818.9,48731
16375,"Earthquake","USA",9,11524568.12,47317
16380,"Drought","Indonesia",9,8760581.97,52516
16384,"Hurricane","Chile",9,9330008.51,47667
16389,"Drought","Turkey",9,3507530.28,34754
16391,"Earthquake","Philippines",9,6817535.41,39284
5459,"Earthquake","Turkey",9,6344833.21,45836
587,"Landslide","Turkey",9,7377810.24,37788
16424,"Volcanic Eruption","Japan",9,7427291.95,35705
5471,"Volcanic Eruption","Italy",9,6172914.06,49159
16430,"Landslide","Chile",9,3234690.12,61394
5477,"Wildfire","Philippines",9,8378306.6,48922
5486,"Hurricane","Philippines",9,14919510.01,49945
16462,"Drought","India",9,10491052.61,50589
16481,"Hurricane","India",9,4264283.02,44133
16487,"Wildfire","Turkey",9,4661925.56,37863
175,"Earthquake","Philippines",9,16806184.31,65716
16494,"Hurricane","Turkey",9,4414155.93,46326
5491,"Landslide","Chile",9,10024355.9,35452
5494,"Earthquake","Italy",9,13039607.44,56317
16510,"Wildfire","Turkey",9,12202107.51,67925
5496,"Wildfire","Italy",9,9315975.99,51067
5502,"Wildfire","USA",9,10547125.53,44784
1803,"Drought","Japan",9,8056671.84,44713
16536,"Hurricane","Japan",9,12063557.91,41731
5509,"Drought","USA",9,11571803.65,53896
16550,"Volcanic Eruption","USA",9,3298565.18,46465
16553,"Volcanic Eruption","India",9,3344042.34,34299
16555,"Earthquake","Chile",9,4172316.21,30163
1809,"Drought","Turkey",9,10497124.57,41195
16559,"Flood","Chile",9,5292563.17,53927
5515,"Volcanic Eruption","Indonesia",9,6468503.37,49433
16563,"Flood","Chile",9,3739952.6,45835
16566,"Drought","Turkey",9,11515442.4,49996
16571,"Hurricane","Chile",9,6070057.12,37971
1812,"Drought","Turkey",9,5499568.29,50855
1817,"Hurricane","Italy",9,13365356.44,51144
16604,"Drought","India",9,3314929.78,36076
16608,"Wildfire","Turkey",9,6256253.62,57576
16610,"Hurricane","Indonesia",9,7921594.37,36411
16612,"Flood","India",9,7543979.14,34196
5525,"Drought","Chile",9,9484547.39,48114
16617,"Hurricane","India",9,7475333.77,44427
16622,"Drought","India",9,9840087.78,55840
5536,"Volcanic Eruption","India",9,9476124.75,47999
16654,"Drought","India",9,11097869.37,60346
16662,"Earthquake","Italy",9,9155595.45,33449
16664,"Hurricane","USA",9,6683947.09,53023
5547,"Flood","Philippines",9,15378883.96,61198
16676,"Wildfire","Philippines",9,5235838.94,58739
5549,"Flood","Chile",9,5009079.19,34283
16682,"Flood","Japan",9,8555848.41,38128
5556,"Landslide","India",9,6000746.63,47291
16709,"Flood","Japan",9,6903198.17,44864
5557,"Hurricane","Philippines",9,3840767.7,36454
5563,"Wildfire","USA",9,6321892.8,45288
1824,"Hurricane","Philippines",9,8513239.45,53692
16743,"Earthquake","Japan",9,4001894.71,54672
5581,"Hurricane","Indonesia",9,8283625.57,43326
5584,"Earthquake","Turkey",9,11323050.89,51701
16752,"Flood","Japan",9,9375889.56,35477
5591,"Hurricane","Indonesia",9,6891040.64,39058
16759,"Wildfire","USA",9,3660030.46,56892
1825,"Hurricane","India",9,8925869.62,49934
16770,"Earthquake","Japan",9,14240092.07,58738
16783,"Hurricane","Indonesia",9,10246051.17,44948
16788,"Hurricane","Indonesia",9,3906425.64,43829
5610,"Volcanic Eruption","USA",9,2534694.06,37287
16795,"Volcanic Eruption","Turkey",9,8337050.51,57535
16805,"Volcanic Eruption","Turkey",9,7499207.25,48095
16818,"Wildfire","Italy",9,12410719.37,46491
16822,"Earthquake","USA",9,6132831.04,35968
1836,"Wildfire","Japan",9,4070341.2,32487
16835,"Landslide","Italy",9,4826357.87,47327
16841,"Volcanic Eruption","Philippines",9,6368700.28,45111
16847,"Landslide","Turkey",9,5557851.75,46580
5616,"Hurricane","Japan",9,15805375.53,55450
16853,"Wildfire","Chile",9,3008166.46,57064
16855,"Hurricane","Japan",9,6753638.18,47356
16861,"Earthquake","Japan",9,4466757.05,32987
5621,"Flood","Philippines",9,6191210.53,44444
1838,"Landslide","Turkey",9,15099065.12,52788
1842,"Drought","Indonesia",9,15565449.59,61517
593,"Landslide","Turkey",9,11374730.58,52789
16877,"Volcanic Eruption","Turkey",9,15055806.49,54726
16878,"Wildfire","Italy",9,9474282.36,35409
16882,"Wildfire","Turkey",9,8371741.97,37869
16906,"Hurricane","Italy",9,9166498.12,57925
16908,"Flood","USA",9,8532992.1,41861
5634,"Earthquake","Philippines",9,11641706.59,51137
5636,"Earthquake","Turkey",9,5801380.94,49149
16927,"Hurricane","Chile",9,10982404.18,55672
16937,"Landslide","India",9,9318050.72,33692
16940,"Wildfire","Italy",9,5493609.35,39785
176,"Hurricane","Philippines",9,9153238.0,55536
16963,"Hurricane","Philippines",9,8822425.27,60016
16970,"Earthquake","Turkey",9,5156512.56,31901
16979,"Wildfire","USA",9,8819318.52,44079
5645,"Landslide","Japan",9,10787185.96,40796
16985,"Hurricane","Philippines",9,13479909.56,54351
5651,"Hurricane","India",9,3593819.14,37229
5652,"Drought","USA",9,12363488.92,41349
16993,"Drought","USA",9,4775892.66,38821
1881,"Earthquake","Turkey",9,3427736.19,55877
5670,"Drought","Japan",9,18198229.39,66856
5677,"Earthquake","Turkey",9,15144724.76,56707
5678,"Drought","Philippines",9,3120164.3,43299
5680,"Hurricane","USA",9,1893630.04,37615
5686,"Flood","Indonesia",9,4234447.4,39171
17033,"Volcanic Eruption","Turkey",9,4003999.39,42312
5694,"Earthquake","Indonesia",9,7756914.44,46294
17064,"Volcanic Eruption","Indonesia",9,13290258.33,45450
17074,"Drought","Italy",9,10643354.19,45446
17075,"Wildfire","Japan",9,3731206.59,46521
1884,"Volcanic Eruption","Indonesia",9,5098673.95,49478
17090,"Flood","Italy",9,11676965.73,52067
17097,"Earthquake","Philippines",9,14144576.4,53027
17104,"Wildfire","Turkey",9,10053776.05,60646
17105,"Hurricane","Indonesia",9,10176170.08,38721
17110,"Earthquake","Chile",9,18345733.59,62261
17121,"Earthquake","India",9,6979931.17,32063
17127,"Flood","Turkey",9,4968890.61,46068
17132,"Earthquake","India",9,6889586.17,49807
17134,"Drought","Indonesia",9,9187024.17,37786
17141,"Hurricane","Philippines",9,8396171.59,44567
5707,"Wildfire","Chile",9,11974632.33,44341
17151,"Hurricane","Japan",9,8643610.76,36945
17176,"Earthquake","Chile",9,3837901.12,38817
5708,"Wildfire","Indonesia",9,7918311.93,42500
5711,"Drought","USA",9,10596839.93,43198
177,"Volcanic Eruption","Philippines",9,9799362.16,41714
17198,"Hurricane","Chile",9,3949957.8,41766
5721,"Flood","Japan",9,6935919.79,52330
17203,"Drought","USA",9,8055962.19,42647
17206,"Wildfire","India",9,9791604.0,49433
17215,"Drought","Indonesia",9,11746734.04,54417
600,"Flood","Indonesia",9,11644571.07,45235
17221,"Flood","Indonesia",9,10490370.59,35456
5728,"Wildfire","Chile",9,5934715.88,41800
17226,"Wildfire","India",9,13579790.72,55313
602,"Earthquake","Philippines",9,9542392.98,34671
17237,"Landslide","Italy",9,12947290.79,44936
17238,"Landslide","Italy",9,15239138.25,54782
611,"Flood","USA",9,6843760.75,34981
17273,"Earthquake","Indonesia",9,10763394.26,47916
17283,"Hurricane","India",9,6263753.65,39857
17288,"Volcanic Eruption","India",9,10505602.06,59097
5736,"Wildfire","USA",9,5105288.66,57862
180,"Volcanic Eruption","USA",9,5762446.24,50077
5738,"Drought","Chile",9,8885205.09,35311
17323,"Hurricane","Indonesia",9,9499211.25,54907
17330,"Hurricane","USA",9,14099468.21,47731
17332,"Wildfire","Turkey",9,4204024.53,31196
17334,"Wildfire","Chile",9,2892307.92,50655
17336,"Earthquake","Chile",9,6476192.25,59765
5743,"Landslide","India",9,2979143.01,37472
184,"Flood","Chile",9,6661701.8,54909
622,"Landslide","Philippines",9,13407550.05,48988
17369,"Hurricane","India",9,6298330.7,33759
5754,"Volcanic Eruption","Chile",9,3713493.75,57192
5757,"Drought","USA",9,7115300.68,42574
5759,"Wildfire","Turkey",9,3338455.61,50342
5764,"Earthquake","USA",9,8581629.31,49368
5771,"Drought","Turkey",9,3775399.48,48292
17407,"Volcanic Eruption","Turkey",9,4326629.77,37819
17412,"Drought","USA",9,9303993.32,39398
17416,"Earthquake","Indonesia",9,9886785.33,43874
17439,"Earthquake","India",9,9921686.27,42383
17440,"Earthquake","Indonesia",9,6455764.82,58227
17441,"Flood","Chile",9,4849417.68,54675
17446,"Hurricane","Italy",9,4005135.24,34887
17454,"Hurricane","Philippines",9,12081319.85,46045
17463,"Landslide","Italy",9,8328124.0,46340
17468,"Landslide","USA",9,2419860.94,35014
17475,"Hurricane","Italy",9,12068513.39,45372
17487,"Wildfire","USA",9,8081134.51,47877
5778,"Drought","India",9,12069683.71,43142
5789,"Hurricane","Chile",9,9125356.3,49200
17532,"Volcanic Eruption","Turkey",9,9940637.36,44032
17543,"Hurricane","Japan",9,2793758.67,37671
17550,"Volcanic Eruption","Japan",9,6227325.96,36431
17557,"Volcanic Eruption","Turkey",9,7757962.71,43437
5793,"Hurricane","Indonesia",9,2730639.8,52757
626,"Wildfire","Chile",9,2911177.06,31928
17583,"Landslide","Japan",9,1927855.25,38366
632,"Landslide","India",9,4833889.26,44239
5805,"Earthquake","Indonesia",9,6861685.9,49430
17592,"Hurricane","Chile",9,4987879.32,29947
17596,"Landslide","India",9,4850464.54,46281
17597,"Flood","Chile",9,3943079.65,47116
1920,"Drought","Turkey",9,11453452.88,40693
17624,"Wildfire","Japan",9,3440749.18,48208
17627,"Drought","Philippines",9,5138802.11,51028
17638,"Wildfire","India",9,4968596.09,34811
186,"Earthquake","Philippines",9,3437703.1,37106
17662,"Wildfire","Philippines",9,14311764.47,54472
17663,"Flood","Indonesia",9,12146521.18,54674
17676,"Landslide","Japan",9,12463845.02,45226
17693,"Landslide","Chile",9,11919045.19,40421
17700,"Flood","Turkey",9,8541574.11,40503
17747,"Drought","Turkey",9,5592089.65,31909
5836,"Drought","Indonesia",9,6408997.14,50914
1941,"Flood","Philippines",9,13086138.53,49434
1944,"Earthquake","Italy",9,14671637.17,50865
1953,"Landslide","Turkey",9,5532889.31,36576
17767,"Landslide","Chile",9,13951734.23,53168
5862,"Earthquake","Turkey",9,5079593.48,39610
5865,"Earthquake","Turkey",9,11681995.64,46361
1968,"Hurricane","Philippines",9,7459789.87,50047
17805,"Earthquake","Indonesia",9,5300295.94,34929
5878,"Flood","Chile",9,2836892.79,45093
17830,"Landslide","Turkey",9,5110013.25,41270
5880,"Volcanic Eruption","Japan",9,7022318.02,42591
17844,"Earthquake","USA",9,9285951.02,45597
17848,"Drought","Indonesia",9,6533586.47,58840
17861,"Flood","Turkey",9,9656344.56,49923
17862,"Volcanic Eruption","Italy",9,4545662.93,47454
17869,"Earthquake","Philippines",9,3643067.58,19252
648,"Landslide","Chile",9,5034842.29,33126
5921,"Hurricane","India",9,13055272.72,43794
17901,"Flood","Philippines",9,6074876.33,43817
5923,"Volcanic Eruption","Japan",9,6782930.09,39889
17930,"Volcanic Eruption","Chile",9,3451775.1,34119
17931,"Hurricane","Japan",9,8057977.2,35319
1980,"Flood","Chile",9,7238402.81,43299
17936,"Landslide","Indonesia",9,7207432.62,56565
17941,"Wildfire","Chile",9,3201183.25,39593
5931,"Drought","Italy",9,11544662.28,43070
17954,"Landslide","Philippines",9,8332218.49,35589
17962,"Landslide","Turkey",9,8566022.61,30741
17971,"Wildfire","India",9,11473087.51,38879
17973,"Flood","Italy",9,7500104.84,44338
17980,"Wildfire","Philippines",9,5899609.35,30528
17987,"Hurricane","Chile",9,8677809.36,36617
17988,"Hurricane","Philippines",9,10684804.92,38786
17992,"Earthquake","USA",9,14161586.36,51052
17996,"Flood","Japan",9,12720666.04,43784
17999,"Flood","India",9,8214040.07,50279
18012,"Flood","India",9,8481702.49,30542
18045,"Flood","India",9,5707563.94,37853
18059,"Wildfire","Japan",9,3421417.6,56609
18071,"Volcanic Eruption","Japan",9,14232390.58,53620
654,"Flood","USA",9,11702064.84,51484
18089,"Volcanic Eruption","Indonesia",9,7621448.37,57392
18091,"Drought","Italy",9,3967202.23,48089
5971,"Drought","Indonesia",9,7615497.54,51192
18098,"Landslide","Philippines",9,12981661.56,45444
18104,"Landslide","Turkey",9,4462470.47,35720
5974,"Wildfire","Indonesia",9,5004986.67,38597
18119,"Flood","Indonesia",9,9843328.47,43497
1999,"Drought","India",9,5007201.97,44476
5982,"Flood","Philippines",9,7647699.0,43603
2007,"Landslide","Japan",9,8902147.67,39223
2015,"Earthquake","Turkey",9,3991721.04,45052
5995,"Earthquake","Philippines",9,8459338.25,46746
18158,"Drought","India",9,4360716.36,41424
18161,"Landslide","Turkey",9,7196774.16,47360
2017,"Drought","India",9,3621243.06,46276
18165,"Earthquake","India",9,4457244.55,49040
18168,"Drought","Chile",9,2426235.59,22136
18184,"Hurricane","Japan",9,7047538.54,30950
6010,"Wildfire","Japan",9,5437643.74,48040
18200,"Wildfire","Italy",9,14155066.31,47893
18203,"Landslide","Italy",9,5787852.22,43159
6018,"Volcanic Eruption","Indonesia",9,6509553.67,39551
18210,"Wildfire","Philippines",9,15905917.27,57592
18211,"Volcanic Eruption","Turkey",9,14273631.74,48287
6019,"Drought","Chile",9,3690579.84,63783
18217,"Volcanic Eruption","USA",9,4287113.99,54833
18221,"Flood","Chile",9,9010838.56,44665
18223,"Hurricane","USA",9,3073142.99,46856
18228,"Hurricane","India",9,4438041.86,40043
18252,"Volcanic Eruption","India",9,4938530.25,50858
18258,"Hurricane","Chile",9,6142777.84,40136
18263,"Flood","India",9,7467324.6,36067
18270,"Flood","Chile",9,4196851.97,43942
18273,"Drought","Japan",9,3916810.36,33009
6031,"Hurricane","Philippines",9,3092827.62,42335
2021,"Flood","USA",9,3964451.45,46233
18319,"Earthquake","India",9,12223301.87,51826
18324,"Landslide","India",9,8627833.37,38109
6054,"Earthquake","India",9,5530111.15,41451
18335,"Landslide","Japan",9,4203012.67,31518
18340,"Drought","Italy",9,3326377.73,35603
6065,"Flood","Turkey",9,3630029.49,50973
18351,"Drought","Philippines",9,12643907.11,43746
6070,"Volcanic Eruption","Philippines",9,9999929.73,40531
2027,"Drought","India",9,5114456.95,37595
18368,"Drought","Philippines",9,2480998.75,42999
18375,"Landslide","Italy",9,3860688.66,35135
18380,"Earthquake","USA",9,14582347.55,52344
6076,"Earthquake","Japan",9,12035051.58,43002
6079,"Volcanic Eruption","Indonesia",9,6326354.15,50400
18390,"Wildfire","Philippines",9,12631085.4,43242
18398,"Wildfire","Turkey",9,10087205.52,37984
18405,"Wildfire","USA",9,4050432.82,41513
18414,"Hurricane","USA",9,6593075.73,47380
6080,"Earthquake","Philippines",9,3020379.99,34417
18420,"Hurricane","Philippines",9,8752067.49,49759
18421,"Flood","Turkey",9,6216539.49,28001
18423,"Flood","Japan",9,10811432.94,38506
18428,"Volcanic Eruption","USA",9,3468868.81,44445
18430,"Volcanic Eruption","Philippines",9,14947374.64,50351
18435,"Hurricane","Indonesia",9,9247968.91,42717
18465,"Volcanic Eruption","Philippines",9,5860179.34,43721
18472,"Drought","Indonesia",9,10994906.39,37893
6089,"Flood","USA",9,4561444.42,61465
18483,"Wildfire","Turkey",9,4797700.43,58870
6090,"Hurricane","India",9,7183671.15,33882
18494,"Hurricane","Turkey",9,5039644.98,44269
18495,"Wildfire","Japan",9,12333980.4,49234
18504,"Wildfire","India",9,5266280.0,41155
2034,"Wildfire","Japan",9,2293833.74,43284
18518,"Earthquake","Indonesia",9,10646432.34,48213
18519,"Wildfire","Philippines",9,7875473.48,39120
18533,"Drought","USA",9,13888866.29,64257
18540,"Wildfire","USA",9,10150171.94,39901
2037,"Hurricane","Indonesia",9,3536968.16,50202
18558,"Flood","Chile",9,11670037.81,50667
663,"Volcanic Eruption","Philippines",9,11428686.44,51768
6120,"Drought","Japan",9,12744094.41,50240
6121,"Earthquake","Turkey",9,7748209.35,42826
18586,"Drought","Indonesia",9,12716479.52,46849
18599,"Hurricane","Italy",9,12445544.62,49628
6129,"Hurricane","Japan",9,5961987.68,60081
6131,"Wildfire","USA",9,11333027.76,57802
6137,"Hurricane","India",9,15689719.3,52307
18628,"Flood","India",9,5009409.57,31305
6142,"Earthquake","Indonesia",9,11017883.81,45585
6146,"Earthquake","Indonesia",9,3327435.74,32130
18647,"Hurricane","Chile",9,8916724.21,40552
6158,"Hurricane","Turkey",9,5159144.28,35308
6161,"Earthquake","India",9,4608789.75,48946
2057,"Wildfire","Indonesia",9,10559478.91,37431
18666,"Wildfire","Philippines",9,7285706.07,29794
18668,"Drought","Indonesia",9,9910239.17,34955
6178,"Wildfire","Chile",9,4013307.58,54014
6189,"Landslide","Italy",9,8909735.78,35410
6192,"Earthquake","Indonesia",9,6645116.17,31912
18681,"Wildfire","Philippines",9,2541056.21,40829
18686,"Flood","Chile",9,3742419.14,32440
18693,"Wildfire","USA",9,4428156.25,30255
18698,"Earthquake","Japan",9,4410743.89,55832
18709,"Hurricane","Chile",9,10215349.59,37151
18713,"Drought","Philippines",9,3571505.54,57244
18718,"Volcanic Eruption","Italy",9,10474352.93,49428
2061,"Wildfire","India",9,6244787.63,51756
6205,"Flood","Italy",9,10422573.36,54357
6206,"Volcanic Eruption","India",9,12928346.07,52595
18735,"Wildfire","Chile",9,11977268.84,46339
18740,"Hurricane","Japan",9,3387804.12,44007
18756,"Wildfire","Turkey",9,2300694.51,39193
679,"Landslide","USA",9,9647746.47,47714
6217,"Earthquake","Indonesia",9,7433945.41,52839
18777,"Hurricane","Philippines",9,12096407.21,52911
18784,"Drought","USA",9,7271792.07,41729
18789,"Drought","Italy",9,8527988.99,48971
2087,"Earthquake","Japan",9,3623440.17,57358
18815,"Volcanic Eruption","Japan",9,3691432.62,42637
6229,"Landslide","Philippines",9,12489322.1,47158
18818,"Landslide","Chile",9,4665706.1,42500
18822,"Wildfire","India",9,8540032.88,57535
2089,"Volcanic Eruption","USA",9,9237383.44,39672
18832,"Drought","Chile",9,11733006.07,50610
6232,"Drought","Indonesia",9,8891371.28,54551
18838,"Landslide","Philippines",9,2536074.48,44166
6239,"Earthquake","USA",9,14046788.12,48057
2109,"Volcanic Eruption","Indonesia",9,12341708.98,56491
6251,"Hurricane","India",9,8776582.14,42540
18885,"Earthquake","Philippines",9,9419462.02,39015
18893,"Volcanic Eruption","Chile",9,4232862.48,45438
18894,"Landslide","Italy",9,10512967.16,46710
18896,"Flood","USA",9,8567428.29,46598
18897,"Landslide","Indonesia",9,6430853.13,38980
18904,"Volcanic Eruption","India",9,8311296.57,55836
18916,"Wildfire","USA",9,5290384.8,34959
18917,"Wildfire","USA",9,6590479.01,44528
6255,"Flood","Turkey",9,3545497.57,41579
18923,"Volcanic Eruption","Chile",9,13345088.31,50062
18925,"Drought","Chile",9,12123918.59,48220
18938,"Volcanic Eruption","India",9,10976288.2,44977
6264,"Wildfire","Japan",9,11826976.03,48884
6267,"Flood","India",9,7693846.23,48154
6273,"Flood","Italy",9,10354282.85,35726
18952,"Drought","India",9,8126611.51,55742
2115,"Flood","Japan",9,11128997.16,43615
18970,"Landslide","Philippines",9,9883110.97,38395
682,"Drought","USA",9,8675296.48,49931
18990,"Wildfire","Chile",9,7558668.21,37721
686,"Landslide","Chile",9,7221097.97,49112
18994,"Flood","India",9,7503047.18,54641
19009,"Earthquake","Indonesia",9,5926448.22,41392
19015,"Landslide","Chile",9,5854505.76,49824
19016,"Drought","India",9,4237237.26,43569
19019,"Landslide","Philippines",9,3084547.9,35964
2140,"Hurricane","Indonesia",9,5000366.68,46848
19027,"Hurricane","India",9,12710655.34,50066
19029,"Volcanic Eruption","Turkey",9,6368827.86,57168
19032,"Landslide","USA",9,4145688.78,42581
2143,"Earthquake","Italy",9,9808194.1,42596
19035,"Earthquake","India",9,7721695.49,43758
19042,"Earthquake","Japan",9,5052909.52,43221
19056,"Volcanic Eruption","Philippines",9,7546546.53,47668
6305,"Earthquake","India",9,12162766.8,52460
19059,"Volcanic Eruption","Turkey",9,2763788.29,22044
19060,"Wildfire","Chile",9,7454680.68,52939
19074,"Flood","USA",9,4678302.0,41378
19079,"Landslide","Indonesia",9,12629248.42,48771
19082,"Earthquake","Chile",9,8681538.54,45179
6323,"Earthquake","Japan",9,7536240.74,45360
2149,"Drought","Philippines",9,6992038.96,59262
19097,"Hurricane","Chile",9,7099651.74,41421
19100,"Landslide","Philippines",9,4197068.33,47732
19103,"Flood","Italy",9,12160732.25,41001
6326,"Volcanic Eruption","Indonesia",9,5085726.13,44447
6327,"Volcanic Eruption","Chile",9,5568383.75,34918
19111,"Flood","Turkey",9,1885947.62,32801
19114,"Earthquake","Italy",9,10771026.46,45779
19116,"Wildfire","Turkey",9,9839128.94,37649
19117,"Earthquake","Indonesia",9,6230444.78,34068
19118,"Volcanic Eruption","Philippines",9,2369366.92,44117
19128,"Wildfire","India",9,10844791.3,48348
6330,"Volcanic Eruption","Philippines",9,10388635.2,39849
19139,"Wildfire","India",9,5229734.46,49350
6333,"Earthquake","Indonesia",9,10709362.07,48587
2151,"Drought","Indonesia",9,4433896.5,48617
696,"Flood","Indonesia",9,9352072.1,46256
6343,"Flood","Indonesia",9,11324238.6,45411
19164,"Hurricane","India",9,7471648.23,41826
19171,"Flood","Indonesia",9,7917548.69,46486
19172,"Earthquake","Philippines",9,8874495.61,41375
19173,"Wildfire","Japan",9,6168213.39,44337
19178,"Drought","USA",9,4686553.35,28370
19186,"Wildfire","Philippines",9,15165378.84,52147
6360,"Earthquake","Philippines",9,10789162.25,50454
6361,"Wildfire","Italy",9,5047364.66,42012
19210,"Flood","India",9,13156188.76,48557
2163,"Flood","USA",9,15869113.13,54799
2167,"Wildfire","Italy",9,10540172.86,38350
19220,"Drought","Turkey",9,9422949.01,44726
19226,"Drought","Indonesia",9,6601005.89,56353
19229,"Earthquake","Indonesia",9,10328786.33,46054
701,"Volcanic Eruption","Philippines",9,4527232.93,48873
19237,"Wildfire","Turkey",9,11603016.07,42358
19245,"Flood","USA",9,9749974.48,54998
19250,"Landslide","Turkey",9,2188933.59,39503
19267,"Wildfire","Italy",9,6101269.12,41545
19271,"Volcanic Eruption","USA",9,10639971.91,48528
2172,"Wildfire","USA",9,4283434.5,44565
19290,"Drought","USA",9,4990600.78,35987
6402,"Flood","Chile",9,9088353.06,53151
19306,"Volcanic Eruption","India",9,6886812.21,44077
6403,"Earthquake","Turkey",9,9297626.22,46544
19323,"Volcanic Eruption","Italy",9,6314190.94,41901
19336,"Wildfire","Chile",9,13562281.29,49165
19338,"Wildfire","USA",9,6503370.78,34299
19342,"Wildfire","Indonesia",9,6006709.99,31132
6422,"Landslide","India",9,5354808.32,38280
19359,"Flood","Indonesia",9,8788241.72,49330
19360,"Hurricane","India",9,11645643.72,46516
19369,"Volcanic Eruption","Chile",9,3543776.5,50421
702,"Volcanic Eruption","Japan",9,4159640.08,44404
6430,"Hurricane","India",9,9923729.34,55018
19379,"Earthquake","Japan",9,5122837.88,40147
19382,"Flood","India",9,13817946.38,56669
19383,"Hurricane","Philippines",9,13889363.33,54225
19386,"Volcanic Eruption","Philippines",9,2816565.86,40851
19388,"Volcanic Eruption","India",9,10501543.44,52795
19393,"Flood","Italy",9,9531727.25,50016
19405,"Flood","India",9,9978260.93,46177
19407,"Wildfire","USA",9,6638352.53,35889
19409,"Flood","Philippines",9,11065676.32,41970
6434,"Earthquake","Philippines",9,8088462.02,53337
6441,"Drought","Indonesia",9,9911330.78,49298
6445,"Landslide","Indonesia",9,5791220.57,38213
6452,"Volcanic Eruption","USA",9,3462142.04,50755
19427,"Wildfire","USA",9,8859045.72,40809
19429,"Landslide","USA",9,2545611.84,31188
19438,"Volcanic Eruption","India",9,9658306.43,57402
6461,"Flood","Chile",9,9174339.78,51869
6467,"Landslide","Chile",9,5293548.3,42776
6476,"Flood","Chile",9,5123368.25,44039
708,"Volcanic Eruption","Indonesia",9,8294830.57,29435
19458,"Landslide","Japan",9,3866858.12,48771
19461,"Drought","Japan",9,7819988.33,40850
19466,"Earthquake","Philippines",9,3036239.46,56381
19474,"Drought","Italy",9,3188307.08,47247
19475,"Wildfire","Japan",9,9446701.58,55829
19492,"Landslide","Japan",9,8466284.61,36825
19498,"Earthquake","Philippines",9,7244995.77,54439
19502,"Drought","USA",9,6689636.49,40557
6492,"Earthquake","Japan",9,7511403.16,37997
19510,"Earthquake","Chile",9,3307855.55,36194
19517,"Landslide","Philippines",9,5576138.23,39975
19525,"Wildfire","USA",9,7420954.01,53954
19540,"Hurricane","India",9,7777285.29,48660
6502,"Drought","Turkey",9,7819161.26,38141
19543,"Volcanic Eruption","Italy",9,13969356.26,51485
6503,"Wildfire","Italy",9,9386823.66,31860
6504,"Flood","Japan",9,4819150.59,45717
6521,"Hurricane","India",9,2321594.34,45895
19560,"Landslide","Chile",9,8982278.63,35516
208,"Drought","Indonesia",9,9816719.65,39528
6523,"Drought","Italy",9,8259723.03,36582
19579,"Hurricane","Indonesia",9,3926817.48,58568
19583,"Flood","Indonesia",9,1627339.37,24240
6526,"Hurricane","Philippines",9,4370775.73,46513
19588,"Hurricane","Chile",9,2361620.41,44417
718,"Earthquake","Indonesia",9,4377054.98,47300
19605,"Hurricane","India",9,7809220.51,30652
19618,"Landslide","Philippines",9,15302752.66,58420
6540,"Landslide","Turkey",9,4354112.86,60009
19624,"Earthquake","Chile",9,6135633.48,25069
19626,"Drought","India",9,15063570.15,55767
19637,"Wildfire","USA",9,2941841.17,49102
6541,"Hurricane","Turkey",9,2471780.17,39944
6547,"Hurricane","Turkey",9,10010672.21,44020
6556,"Flood","Chile",9,13230231.4,47427
19658,"Flood","Philippines",9,2370008.28,46515
19659,"Landslide","Philippines",9,7674695.36,53696
19663,"Earthquake","Chile",9,13768643.73,47831
6562,"Drought","Japan",9,5098532.71,33336
19686,"Hurricane","Chile",9,5281833.55,27749
19689,"Flood","India",9,7961300.54,33431
6563,"Wildfire","USA",9,8018121.8,35097
19708,"Earthquake","India",9,7451132.68,31846
2223,"Volcanic Eruption","Philippines",9,2531650.66,46204
6569,"Wildfire","USA",9,12910755.89,52980
19725,"Volcanic Eruption","Japan",9,2838399.78,47436
19726,"Drought","Turkey",9,5465392.93,50843
6573,"Volcanic Eruption","Italy",9,11896483.08,50936
19746,"Earthquake","Indonesia",9,7560960.71,35676
19757,"Landslide","USA",9,8592980.64,47684
6584,"Landslide","Turkey",9,9652046.52,38179
19771,"Drought","Turkey",9,7685276.82,38335
19776,"Drought","Chile",9,13616113.84,52100
6587,"Flood","Chile",9,10117479.21,41507
19785,"Wildfire","Turkey",9,6374410.05,48079
19789,"Drought","Chile",9,3235199.1,29946
6597,"Landslide","Turkey",9,5356017.09,38734
6603,"Flood","USA",9,9503875.39,63120
19810,"Wildfire","USA",9,6831005.43,39416
19826,"Flood","Philippines",9,8949085.19,48786
2225,"Earthquake","Philippines",9,3894131.54,57526
19835,"Wildfire","India",9,12650246.38,43853
2229,"Hurricane","Turkey",9,2915994.19,36557
19854,"Hurricane","USA",9,10271673.47,45230
6615,"Volcanic Eruption","Chile",9,2493085.4,45449
2231,"Flood","Italy",9,2763630.57,53985
2238,"Wildfire","India",9,10873223.75,42159
19868,"Landslide","Japan",9,4956351.95,30215
2240,"Landslide","Indonesia",9,11575096.61,43460
2243,"Volcanic Eruption","Philippines",9,8661456.11,48161
6632,"Hurricane","Italy",9,8624744.81,44152
6636,"Earthquake","India",9,5115319.89,52822
724,"Volcanic Eruption","USA",9,13536416.64,45415
19909,"Drought","Turkey",9,7862728.09,36180
19925,"Volcanic Eruption","Chile",9,12161879.73,54566
6644,"Wildfire","Japan",9,5622514.24,39796
19932,"Wildfire","Turkey",9,2471735.65,39235
19941,"Hurricane","Japan",9,6900545.88,34738
19949,"Hurricane","Turkey",9,2163564.0,35725
19955,"Hurricane","USA",9,9342580.35,45720
19965,"Flood","Japan",9,13715156.56,59955
19975,"Landslide","India",9,16079898.43,59409
6652,"Volcanic Eruption","Italy",9,4517988.62,63651
2250,"Earthquake","Turkey",9,2679011.08,32045
493,"Flood","India",9,14486315.64,49150
6667,"Volcanic Eruption","Turkey",9,6360645.42,41195
6668,"Hurricane","Italy",9,11141721.95,44041
6680,"Landslide","Japan",9,11580612.85,51668
6685,"Drought","USA",9,14675041.74,53566
6701,"Hurricane","Indonesia",9,11168535.77,42675
6702,"Earthquake","Indonesia",9,4683401.6,34274
6708,"Wildfire","Italy",9,9509861.28,45276
2262,"Landslide","India",9,5060262.92,45439
2264,"Drought","Japan",9,9113943.51,38452
6719,"Hurricane","Italy",9,2595720.64,34249
6721,"Landslide","Turkey",9,9482349.68,53834
6733,"Wildfire","Italy",9,8695409.57,39653
6742,"Hurricane","USA",9,5912980.19,39757
6753,"Landslide","Philippines",9,3368551.29,46888
6762,"Landslide","India",9,2453990.37,44002
738,"Volcanic Eruption","Italy",9,3636791.97,50143
6770,"Drought","Philippines",9,9478230.17,43386
6772,"Drought","Turkey",9,11421846.86,52517
215,"Earthquake","Italy",9,8923789.14,34233
6780,"Flood","Turkey",9,3650056.84,48638
6786,"Landslide","Indonesia",9,9681051.81,57940
225,"Hurricane","Chile",9,7777948.53,46201
6794,"Drought","Chile",9,6926972.09,33985
6796,"Wildfire","Chile",9,8766901.42,35212
2293,"Hurricane","India",9,2580356.12,49094
2304,"Hurricane","Philippines",9,4000185.71,41273
2309,"Hurricane","Italy",9,5958350.58,41800
6845,"Volcanic Eruption","Italy",9,9688407.41,49651
6850,"Volcanic Eruption","USA",9,8298240.63,46705
6855,"Landslide","Japan",9,5278284.29,45140
6867,"Hurricane","USA",9,8380331.25,37957
6871,"Flood","India",9,8032391.65,44629
761,"Volcanic Eruption","Philippines",9,13164519.15,46403
6892,"Drought","Indonesia",9,6922324.2,46998
6899,"Landslide","Japan",9,6928359.74,30552
2327,"Drought","USA",9,7444421.68,51606
2329,"Wildfire","Chile",9,9562607.51,41126
6916,"Drought","Chile",9,9837114.27,61238
6930,"Volcanic Eruption","Chile",9,9000903.55,32747
228,"Hurricane","Italy",9,8287629.15,51184
2350,"Landslide","Indonesia",9,6697960.5,47184
766,"Volcanic Eruption","Indonesia",9,2980465.19,26425
6948,"Wildfire","Italy",9,9588926.61,33806
6953,"Hurricane","Turkey",9,12642468.69,43441
2354,"Hurricane","Philippines",9,6580124.08,33150
2355,"Drought","Philippines",9,8397673.87,42432
6966,"Drought","Indonesia",9,9246590.71,31024
6969,"Volcanic Eruption","Chile",9,4486517.47,46456
6974,"Hurricane","Chile",9,9470820.52,46215
6975,"Volcanic Eruption","Japan",9,6977936.49,48236
6981,"Drought","Chile",9,11025677.94,42129
6982,"Volcanic Eruption","Philippines",9,5415505.51,63043
6989,"Hurricane","Turkey",9,10408502.88,58539
778,"Hurricane","Italy",9,2749171.13,45180
6998,"Wildfire","Philippines",9,3687172.2,43355
7007,"Drought","Japan",9,4544478.04,55816
7012,"Volcanic Eruption","USA",9,7173097.95,30905
7024,"Earthquake","Japan",9,4645268.65,38988
2379,"Drought","Indonesia",9,6370711.9,46577
7034,"Landslide","USA",9,9654903.93,53389
7045,"Landslide","Chile",9,5887477.37,32603
236,"Earthquake","Chile",9,7296712.69,45847
7053,"Flood","Indonesia",9,5940809.87,44568
7058,"Wildfire","India",9,8226505.47,46800
7060,"Landslide","Philippines",9,2997605.58,39524
7062,"Flood","Philippines",9,5837497.64,47577
7064,"Volcanic Eruption","Chile",9,2961784.4,33990
7067,"Earthquake","Japan",9,7305057.85,30322
2384,"Landslide","Turkey",9,12029334.97,50076
7081,"Volcanic Eruption","Italy",9,8391793.1,50250
798,"Volcanic Eruption","USA",9,2787061.7,53253
2391,"Hurricane","Japan",9,4360757.73,47786
7093,"Flood","USA",9,2895287.86,50938
7098,"Volcanic Eruption","India",9,8709143.21,40513
7129,"Wildfire","Turkey",9,7958995.33,38572
814,"Volcanic Eruption","Chile",9,12167065.62,51272
7138,"Hurricane","Philippines",9,6381233.04,48148
7147,"Hurricane","India",9,14637281.41,51797
7149,"Drought","Italy",9,9894850.58,39147
2435,"Earthquake","Chile",9,13642085.69,47007
7165,"Volcanic Eruption","Italy",9,11836264.13,50665
7170,"Drought","India",9,3181660.42,39843
7181,"Volcanic Eruption","Turkey",9,8677152.74,47778
7185,"Earthquake","Turkey",9,2765155.07,48845
7189,"Volcanic Eruption","USA",9,7021352.74,35380
2441,"Volcanic Eruption","Turkey",9,12225556.48,41526
7208,"Landslide","Chile",9,5296109.67,47669
7220,"Hurricane","Chile",9,8027248.76,37868
7222,"Volcanic Eruption","India",9,4995106.01,46286
7232,"Drought","Indonesia",9,12901623.69,49151
7234,"Landslide","India",9,12689869.33,46312
2464,"Drought","Italy",9,10872350.89,45736
7285,"Landslide","India",9,5321116.89,43204
7293,"Earthquake","Indonesia",9,9629638.51,45819
7301,"Wildfire","Turkey",9,7319149.64,29625
2484,"Drought","Italy",9,13507628.69,54604
7313,"Wildfire","Indonesia",9,10334476.53,48701
7314,"Flood","Japan",9,2647388.81,39490
7320,"Drought","Philippines",9,6269649.25,43139
241,"Wildfire","Indonesia",9,4008872.06,35413
7330,"Earthquake","Chile",9,2935287.98,43598
7334,"Drought","Chile",9,15025681.04,61724
7338,"Earthquake","USA",9,7877659.29,48315
2504,"Volcanic Eruption","USA",9,8372620.61,46379
830,"Landslide","Italy",9,9132117.61,47615
6,"Wildfire","Indonesia",9,11532694.98,49656
7361,"Earthquake","Italy",9,14905994.75,61336
7363,"Landslide","Indonesia",9,7343075.67,43574
2516,"Earthquake","Turkey",9,14397240.22,53178
7371,"Flood","Japan",9,2818777.51,41856
7398,"Volcanic Eruption","Japan",9,5991564.29,37715
7433,"Wildfire","USA",9,6283721.78,55523
2543,"Earthquake","Japan",9,3108795.61,46588
7454,"Hurricane","Philippines",9,4892599.18,39249
7456,"Wildfire","Chile",9,8340028.05,40460
2548,"Earthquake","Chile",9,8591140.23,45211
7468,"Drought","Chile",9,6260288.58,31479
7476,"Flood","Japan",9,16044837.23,54102
2553,"Earthquake","Chile",9,3552978.99,31034
7487,"Flood","Indonesia",9,10886833.85,43572
7489,"Volcanic Eruption","India",9,4101180.85,33764
7492,"Drought","Italy",9,8200900.44,49629
7505,"Volcanic Eruption","Philippines",9,3517382.46,46403
7509,"Drought","Philippines",9,6310368.93,26688
7513,"Flood","Turkey",9,2380480.01,37262
2558,"Earthquake","Chile",9,8303619.28,35507
2564,"Landslide","Turkey",9,12332761.85,49577
7519,"Volcanic Eruption","Turkey",9,4802938.2,44740
7532,"Volcanic Eruption","Philippines",9,11739746.7,47123
2569,"Flood","India",9,8387540.55,51841
7549,"Volcanic Eruption","Indonesia",9,12829404.82,53889
7565,"Drought","USA",9,7919504.55,44589
7575,"Landslide","Indonesia",9,4935253.71,47758
7581,"Flood","India",9,16323956.01,65476
7588,"Earthquake","USA",9,8101157.66,48012
2570,"Wildfire","Chile",9,6182571.22,36939
7604,"Volcanic Eruption","Japan",9,6890593.26,40832
7609,"Landslide","USA",9,8535840.07,55028
7617,"Wildfire","Turkey",9,8523229.38,54081
7623,"Volcanic Eruption","Japan",9,8093670.22,42387
7626,"Flood","Philippines",9,6269870.67,39651
7628,"Earthquake","Philippines",9,15829281.8,58820
7631,"Earthquake","Japan",9,8130241.26,57986
7640,"Flood","Turkey",9,9163450.97,46515
251,"Landslide","Japan",9,8114309.82,52121
2590,"Hurricane","Chile",9,12531511.74,44321
7657,"Wildfire","Japan",9,2032957.44,36835
7661,"Earthquake","USA",9,6002597.07,48311
7670,"Earthquake","Japan",9,15462336.41,55106
7673,"Drought","Indonesia",9,10496495.62,49447
2605,"Landslide","Japan",9,5016735.2,46654
2606,"Volcanic Eruption","Turkey",9,3826215.15,40268
2607,"Earthquake","USA",9,3897366.64,42259
7699,"Flood","Indonesia",9,8078994.26,47173
7700,"Landslide","Indonesia",9,9307553.58,41343
7707,"Hurricane","Turkey",9,9655291.27,60814
7712,"Drought","Philippines",9,3700656.72,52796
256,"Drought","USA",9,7561191.3,47377
7724,"Earthquake","Indonesia",9,13588322.11,47395
7725,"Drought","Italy",9,12631164.27,59255
7737,"Wildfire","Japan",9,4320147.57,49478
7751,"Wildfire","Indonesia",9,4427205.2,34935
7753,"Hurricane","Italy",9,13442337.15,47095
15825,"Hurricane","Japan",9,4356369.67,39099
7762,"Earthquake","Chile",9,3227114.57,52223
2652,"Drought","Philippines",9,11904792.49,49179
7782,"Flood","Indonesia",9,8922737.37,50751
7788,"Wildfire","Italy",9,5301706.91,51634
2666,"Wildfire","Italy",9,4161229.33,40082
7796,"Flood","India",9,5231290.83,47929
7799,"Flood","Turkey",9,11599119.29,46680
2673,"Volcanic Eruption","Italy",9,9354595.42,56579
7810,"Earthquake","India",9,14182528.28,48548
7811,"Flood","India",9,3459335.92,44315
7815,"Earthquake","USA",9,11297680.49,47159
7829,"Flood","Italy",9,10336491.87,40247
7835,"Volcanic Eruption","Philippines",9,9846052.77,50643
2684,"Earthquake","India",9,2606969.49,39385
7850,"Hurricane","India",9,2587063.06,31542
7854,"Wildfire","USA",9,2834355.73,48429
259,"Drought","Italy",9,14450108.53,51827
7865,"Earthquake","India",9,9677876.28,49132
7870,"Flood","India",9,10351355.87,38313
7874,"Earthquake","Italy",9,8050279.38,37721
2695,"Flood","Turkey",9,11410572.72,49458
7880,"Volcanic Eruption","Turkey",9,15019897.04,58865
7882,"Volcanic Eruption","Chile",9,4569937.68,45249
7885,"Volcanic Eruption","Chile",9,5606022.79,45351
2697,"Earthquake","Indonesia",9,7914821.09,50862
7890,"Wildfire","USA",9,9892861.89,45585
7891,"Flood","Italy",9,5377432.0,22841
7894,"Wildfire","India",9,4850736.94,35547
7898,"Flood","Turkey",9,14559482.27,49838
2708,"Landslide","Philippines",9,3876970.86,32615
7911,"Hurricane","Japan",9,7911497.64,50995
7917,"Earthquake","Japan",9,15209858.95,52664
2719,"Wildfire","Indonesia",9,2794902.34,47106
7924,"Wildfire","Turkey",9,10240285.49,39787
7926,"Drought","Italy",9,4632522.18,37409
7937,"Wildfire","Italy",9,6194523.67,33210
7945,"Hurricane","India",9,3416036.07,32525
7947,"Earthquake","Chile",9,2804793.61,56018
2738,"Flood","Japan",9,3292748.03,43801
7965,"Flood","USA",9,4159878.49,53192
7968,"Earthquake","Indonesia",9,9406361.72,42793
2742,"Hurricane","India",9,7175878.15,50416
870,"Volcanic Eruption","USA",9,6344402.41,35678
2749,"Volcanic Eruption","Chile",9,5593904.16,50026
8012,"Volcanic Eruption","Philippines",9,8537671.74,43394
8020,"Wildfire","Philippines",9,9095198.76,50920
13047,"Earthquake","Philippines",9,9370246.86,46539
8055,"Earthquake","Turkey",9,11272269.21,52537
8068,"Wildfire","Japan",9,14025025.21,47244
8072,"Flood","Turkey",9,7017820.02,23523
8073,"Earthquake","India",9,5608525.08,37810
8076,"Earthquake","Chile",9,9316500.45,41017
874,"Wildfire","USA",9,2349044.06,34832
8078,"Landslide","Italy",9,11159557.71,46932
2766,"Hurricane","Italy",9,9388627.57,42087
2774,"Earthquake","Indonesia",9,6012038.32,41002
263,"Landslide","India",9,10360210.29,41058
2780,"Landslide","Turkey",9,11902937.95,53281
8103,"Flood","India",9,8395122.96,49778
8109,"Hurricane","Turkey",9,6292311.43,33821
2781,"Earthquake","Turkey",9,14121112.49,54131
8113,"Earthquake","India",9,12771919.1,46408
2783,"Landslide","Indonesia",9,6724563.97,46124
2787,"Wildfire","Japan",9,9239912.09,42280
880,"Wildfire","Turkey",9,8613747.78,50196
8126,"Flood","Turkey",9,4356984.19,40189
2809,"Landslide","Chile",9,6890512.62,46079
8168,"Volcanic Eruption","Turkey",9,4743779.48,38879
8172,"Landslide","Japan",9,7097502.72,38415
8174,"Wildfire","Japan",9,13253731.16,56590
8179,"Flood","India",9,5515048.43,36340
8182,"Wildfire","Indonesia",9,7206292.83,49550
883,"Hurricane","Chile",9,7198409.71,41386
8225,"Flood","Turkey",9,8230777.32,43348
8229,"Drought","Chile",9,7684683.04,36217
8240,"Landslide","Japan",9,5322402.12,44662
8249,"Hurricane","Italy",9,6738145.65,33134
2823,"Wildfire","Turkey",9,14273229.77,47715
8261,"Flood","Indonesia",9,11996835.92,55103
8264,"Volcanic Eruption","Japan",9,11605785.65,43610
893,"Flood","USA",9,10631332.85,42510
8280,"Flood","Japan",9,5802276.85,51308
897,"Flood","Italy",9,4152400.84,42902
8305,"Volcanic Eruption","India",9,6014674.54,39137
2836,"Hurricane","Italy",9,9430507.87,36158
8311,"Landslide","Indonesia",9,5807014.24,39854
8324,"Earthquake","Indonesia",9,5663680.3,43965
2840,"Flood","India",9,13467529.46,58718
8329,"Landslide","Japan",9,10893112.34,39199
8330,"Drought","Indonesia",9,5324151.43,48274
8334,"Wildfire","Japan",9,9592144.79,38750
8347,"Wildfire","Indonesia",9,12365074.92,54440
264,"Hurricane","Turkey",9,14099204.12,53264
8366,"Flood","Indonesia",9,8739641.62,46504
15826,"Earthquake","Turkey",9,15888994.37,53071
8390,"Landslide","India",9,8323669.79,37185
8392,"Drought","Italy",9,8830886.58,34492
8402,"Wildfire","Italy",9,9150576.61,45173
8414,"Landslide","Japan",9,6607452.39,40144
8421,"Landslide","Turkey",9,5215103.57,48287
2878,"Wildfire","Chile",9,6053713.51,47710
8432,"Earthquake","Philippines",9,8204000.45,37676
8435,"Flood","Chile",9,11675245.57,52901
910,"Hurricane","Japan",9,9274532.4,58029
8439,"Landslide","USA",9,6325698.28,46044
8452,"Wildfire","Italy",9,2213750.93,42114
2883,"Hurricane","Indonesia",9,2625957.15,48667
8470,"Landslide","USA",9,5197685.54,39010
8474,"Flood","Indonesia",9,10835162.76,55292
2892,"Wildfire","USA",9,15014854.34,53357
2898,"Earthquake","Chile",9,6225660.81,45948
2899,"Earthquake","India",9,7874445.49,38251
8488,"Wildfire","Italy",9,10809874.1,51943
2904,"Earthquake","USA",9,8383804.1,55715
8500,"Flood","USA",9,3098264.51,41866
8504,"Landslide","Japan",9,3017859.36,54260
8509,"Drought","Chile",9,11579896.12,46900
8516,"Hurricane","Turkey",9,6968572.09,59434
8534,"Wildfire","Turkey",9,5006954.74,40901
2912,"Wildfire","Japan",9,2840820.35,40245
8546,"Wildfire","Indonesia",9,10077805.27,37000
8565,"Flood","Philippines",9,5227696.58,32513
2919,"Hurricane","Japan",9,8017412.87,46117
8570,"Earthquake","Italy",9,10420547.89,39100
8574,"Volcanic Eruption","Turkey",9,4825860.5,32926
2936,"Hurricane","Indonesia",9,7047743.34,40286
8615,"Landslide","Turkey",9,10097104.73,39867
918,"Volcanic Eruption","India",9,2626111.16,40889
8635,"Landslide","India",9,2234171.96,42408
2950,"Hurricane","Italy",9,10644828.41,47845
8673,"Flood","Chile",9,5092576.35,32930
8692,"Drought","USA",9,13333516.51,47272
8693,"Drought","India",9,13209043.16,47328
8696,"Drought","Turkey",9,3045685.27,36056
8702,"Volcanic Eruption","Philippines",9,9862845.78,34519
925,"Landslide","Philippines",9,10793207.02,41742
8720,"Drought","Chile",9,4812271.53,31128
8725,"Flood","Chile",9,7068107.64,54562
926,"Hurricane","Japan",9,3240999.46,42069
2979,"Flood","Indonesia",9,11043919.8,42550
8764,"Drought","Chile",9,3066884.0,44121
275,"Volcanic Eruption","Indonesia",9,3210713.94,35806
8791,"Drought","Japan",9,7947816.93,48467
8792,"Volcanic Eruption","Chile",9,10423851.21,47625
8795,"Drought","India",9,3441086.13,46639
8796,"Hurricane","India",9,8750194.99,51142
939,"Earthquake","Chile",9,6528819.77,44080
940,"Wildfire","Turkey",9,5645140.96,59009
8803,"Landslide","India",9,13809004.0,52662
2998,"Hurricane","Indonesia",9,5926876.17,35464
8805,"Hurricane","USA",9,7271997.11,40816
8811,"Wildfire","Chile",9,7175129.28,43494
3029,"Drought","Indonesia",9,6104316.52,47026
8836,"Landslide","Turkey",9,13631528.59,46871
8849,"Landslide","Turkey",9,6467246.0,47140
8854,"Landslide","Turkey",9,10035070.91,38011
3044,"Flood","Italy",9,5351879.51,58554
8869,"Wildfire","Japan",9,7132642.77,56672
8871,"Volcanic Eruption","India",9,16632233.87,62342
8873,"Flood","Turkey",9,9483924.27,44210
8882,"Hurricane","Indonesia",9,8788595.66,36064
8895,"Volcanic Eruption","Indonesia",9,6365110.74,58526
3048,"Wildfire","USA",9,8439468.23,51183
958,"Earthquake","India",9,6524401.82,54416
8923,"Flood","Chile",9,7975694.72,46839
8927,"Earthquake","Indonesia",9,11419356.04,45720
8933,"Hurricane","Turkey",9,4672400.81,41914
8942,"Volcanic Eruption","Turkey",9,4241858.44,27502
8943,"Hurricane","Chile",9,8812662.85,34965
285,"Volcanic Eruption","Philippines",9,9553340.9,45029
3079,"Volcanic Eruption","Indonesia",9,4038586.06,37455
8971,"Wildfire","Chile",9,13804127.88,66615
965,"Hurricane","India",9,3606727.97,48957
8989,"Flood","Indonesia",9,9041408.27,42259
3094,"Volcanic Eruption","Chile",9,3819348.76,56772
9014,"Wildfire","Japan",9,2935380.47,48609
970,"Drought","India",9,7436349.99,46866
9020,"Landslide","Philippines",9,11526418.04,46603
9021,"Drought","Philippines",9,10485042.4,42120
3102,"Wildfire","Italy",9,9074174.08,54070
9028,"Drought","Italy",9,8517498.56,46043
9033,"Earthquake","India",9,8769949.07,43753
9040,"Wildfire","Japan",9,3678393.67,45077
15827,"Drought","Indonesia",9,7930073.09,36471
3126,"Wildfire","Italy",9,7658508.85,53402
9046,"Landslide","Japan",9,2318982.23,45444
9052,"Drought","Japan",9,4041008.1,40899
88,"Landslide","Turkey",9,6799960.8,49443
9056,"Earthquake","Italy",9,12297199.39,45564
3140,"Volcanic Eruption","Chile",9,9451356.07,49647
15828,"Earthquake","Indonesia",9,11321515.77,54185
9073,"Flood","India",9,5308885.96,39049
9076,"Wildfire","USA",9,3234336.91,41531
3143,"Volcanic Eruption","USA",9,4254611.22,43371
3146,"Volcanic Eruption","Italy",9,3805634.77,51262
9104,"Earthquake","Turkey",9,8212388.15,48170
9131,"Hurricane","Philippines",9,6013720.22,53267
9157,"Earthquake","USA",9,12929420.56,44732
9159,"Landslide","Philippines",9,5368200.13,34481
9175,"Wildfire","India",9,11641578.38,40164
9182,"Volcanic Eruption","USA",9,12490502.39,43889
9188,"Wildfire","USA",9,7363473.03,55038
9196,"Hurricane","Italy",9,3961011.63,55076
9199,"Hurricane","Italy",9,2707161.37,37226
3170,"Flood","India",9,14085511.51,54132
9201,"Volcanic Eruption","Japan",9,8415910.75,43214
9206,"Wildfire","Japan",9,8749292.74,39003
9207,"Earthquake","Turkey",9,6572808.71,35946
9211,"Flood","Italy",9,9276943.88,42811
9213,"Volcanic Eruption","Philippines",9,14358301.28,48390
9215,"Wildfire","Philippines",9,4664929.82,27955
3184,"Volcanic Eruption","Italy",9,2842038.53,44281
3196,"Flood","Chile",9,4687149.29,46464
3200,"Hurricane","Philippines",9,7810506.8,45032
3204,"Hurricane","Philippines",9,13655734.87,48190
303,"Volcanic Eruption","Chile",9,8782593.45,43461
9251,"Drought","Philippines",9,4043370.33,31521
9269,"Landslide","Italy",9,12142054.8,53953
9270,"Volcanic Eruption","India",9,11593995.96,42803
9272,"Wildfire","USA",9,2670050.45,39838
1011,"Landslide","Chile",9,6878956.52,50029
1027,"Earthquake","USA",9,3823352.91,39025
3232,"Volcanic Eruption","Chile",9,11530253.54,39047
9293,"Earthquake","USA",9,4414536.86,44083
1031,"Flood","Philippines",9,4159885.81,29227
3241,"Drought","USA",9,9433361.12,38468
9312,"Hurricane","India",9,12826569.8,45504
9321,"Volcanic Eruption","Japan",9,10437518.44,42823
9330,"Hurricane","India",9,10074845.0,47180
9333,"Flood","Philippines",9,2652609.62,44390
3245,"Drought","India",9,8439279.77,47582
9354,"Drought","Philippines",9,9378202.59,43795
9359,"Hurricane","Chile",9,5763722.71,56252
1038,"Drought","Chile",9,4778461.58,31785
9383,"Wildfire","Chile",9,7330454.79,60435
9386,"Hurricane","Italy",9,10155730.14,55076
9388,"Landslide","USA",9,8132514.15,64857
9389,"Drought","USA",9,3765419.28,55932
3250,"Wildfire","Chile",9,4812421.41,48808
3254,"Hurricane","USA",9,11401417.36,48431
3265,"Landslide","Italy",9,2819848.93,35869
9432,"Wildfire","Philippines",9,9056926.21,35443
9434,"Landslide","USA",9,5834879.48,49002
323,"Hurricane","Philippines",9,12401247.15,48612
324,"Flood","Turkey",9,3390380.47,34066
9455,"Hurricane","Indonesia",9,10155828.65,43967
9472,"Earthquake","Indonesia",9,3466768.05,61705
3283,"Volcanic Eruption","Chile",9,4113137.09,43887
9477,"Volcanic Eruption","Japan",9,10731485.85,52412
9485,"Hurricane","Chile",9,11021100.6,49265
3287,"Earthquake","Japan",9,11773789.48,42075
9509,"Landslide","Japan",9,4021823.12,52950
9518,"Flood","Japan",9,11365937.28,39765
9522,"Landslide","Indonesia",9,9095214.38,42873
9527,"Landslide","Chile",9,1797358.92,35773
9529,"Flood","Chile",9,8370730.52,47461
9530,"Hurricane","USA",9,9854878.87,45494
9538,"Flood","USA",9,6361244.89,58961
3289,"Earthquake","Turkey",9,12099205.36,54165
9540,"Earthquake","USA",9,7631619.68,59826
9546,"Landslide","Indonesia",9,3847715.03,52772
9557,"Landslide","Philippines",9,2142029.29,24499
3292,"Flood","India",9,7511006.64,50725
1059,"Landslide","Philippines",9,11738805.67,60046
9572,"Landslide","USA",9,2206750.99,32298
3295,"Earthquake","USA",9,2175750.03,43297
3313,"Volcanic Eruption","Italy",9,6659978.82,27848
9605,"Flood","Chile",9,13344433.55,53142
9610,"Drought","Japan",9,1848655.46,34034
9613,"Volcanic Eruption","Philippines",9,8628183.4,46315
1062,"Hurricane","Indonesia",9,2849930.98,36716
3319,"Wildfire","USA",9,14729718.78,59159
9618,"Hurricane","Chile",9,3650233.52,51158
9621,"Wildfire","Italy",9,3335275.06,43504
325,"Earthquake","Italy",9,11181715.06,50232
9655,"Hurricane","Chile",9,5204313.31,56268
9662,"Earthquake","Turkey",9,9805448.66,42312
9665,"Wildfire","USA",9,9850127.19,63577
9670,"Landslide","Japan",9,13714516.68,55841
9671,"Flood","Italy",9,5101501.34,31950
3363,"Drought","Turkey",9,11041148.95,57040
9716,"Volcanic Eruption","USA",9,3346131.48,50608
3372,"Earthquake","Italy",9,6717606.47,62475
9753,"Volcanic Eruption","India",9,12712487.61,55415
9756,"Drought","India",9,13269311.9,48046
3380,"Hurricane","Indonesia",9,10194765.64,48595
3381,"Wildfire","Turkey",9,4611452.04,38351
9768,"Drought","Indonesia",9,10584296.14,47179
9770,"Volcanic Eruption","USA",9,4874419.93,55473
9772,"Hurricane","Indonesia",9,6731346.64,51595
9777,"Volcanic Eruption","Japan",9,4237854.04,23938
3389,"Drought","Chile",9,6302285.71,39046
9781,"Volcanic Eruption","Italy",9,8979405.39,51541
9782,"Drought","Japan",9,3795486.48,40918
9784,"Earthquake","Japan",9,10008488.15,45995
9788,"Volcanic Eruption","USA",9,7643547.99,33332
9806,"Earthquake","USA",9,9345981.52,51927
3398,"Flood","USA",9,12871746.56,48064
3402,"Earthquake","Italy",9,7386998.43,31447
3410,"Flood","Italy",9,3272513.43,45325
9851,"Earthquake","India",9,14603066.25,51652
9874,"Volcanic Eruption","USA",9,10100657.41,51428
3418,"Drought","Turkey",9,5644299.52,47554
9899,"Flood","USA",9,5094031.93,43646
9903,"Volcanic Eruption","Indonesia",9,6149565.62,48518
9907,"Wildfire","Japan",9,10971979.82,40505
1089,"Landslide","Philippines",9,10117084.81,49284
3422,"Landslide","USA",9,14941994.76,54370
9934,"Hurricane","Chile",9,7646529.0,43600
9941,"Landslide","Philippines",9,5506069.89,43984
3440,"Flood","Italy",9,4446028.43,41065
337,"Flood","Philippines",9,6814293.54,36433
9961,"Flood","Chile",9,5254672.4,46386
3454,"Earthquake","Italy",9,9046249.41,50072
1106,"Drought","Turkey",9,2389935.2,42156
1108,"Landslide","Italy",9,10902248.63,44285
9990,"Drought","Indonesia",9,5686957.36,48996
345,"Wildfire","USA",9,8441317.24,41323
10009,"Flood","India",9,5331604.28,58354
10023,"Landslide","Turkey",9,11041190.26,49849
10027,"Earthquake","Philippines",9,8036956.03,53267
3469,"Earthquake","Indonesia",9,5907848.54,28395
3494,"Landslide","Chile",9,4922841.69,47891
3498,"Landslide","Indonesia",9,4155528.23,38525
10050,"Earthquake","India",9,6671370.18,52884
3500,"Volcanic Eruption","Philippines",9,11535840.6,51815
10065,"Wildfire","Chile",9,9845078.0,42077
10084,"Landslide","Indonesia",9,7971654.84,44780
10092,"Earthquake","Turkey",9,8977680.66,48920
3506,"Flood","USA",9,9928578.46,46550
1122,"Earthquake","Italy",9,11605917.37,42775
10100,"Earthquake","India",9,5684672.48,34636
10102,"Earthquake","Chile",9,9090367.82,39418
1123,"Wildfire","India",9,8477327.7,28382
1125,"Landslide","India",9,7678087.86,40577
1126,"Wildfire","Japan",9,6629509.11,49087
3517,"Volcanic Eruption","Italy",9,6997572.19,36171
3523,"Landslide","Chile",9,6366770.36,47649
10130,"Wildfire","Indonesia",9,9492345.32,36784
10132,"Earthquake","Indonesia",9,10935132.9,48875
10143,"Flood","Chile",9,10367451.97,49608
3525,"Wildfire","USA",9,1948299.8,37064
10145,"Landslide","Indonesia",9,15436042.76,51867
10153,"Landslide","Japan",9,3121485.61,37493
10157,"Volcanic Eruption","USA",9,7985881.37,37193
22,"Wildfire","USA",9,10757453.05,51975
3534,"Flood","USA",9,12161380.07,46856
3537,"Volcanic Eruption","India",9,2902474.76,56960
10178,"Volcanic Eruption","Japan",9,3902377.35,22588
10180,"Flood","Indonesia",9,5149229.48,49204
10184,"Wildfire","Japan",9,9293011.89,45852
10187,"Hurricane","India",9,4922099.0,53984
3552,"Wildfire","India",9,3527009.23,33087
3555,"Wildfire","Italy",9,9152684.55,45950
3562,"Drought","India",9,8947612.32,44350
10198,"Drought","Turkey",9,4863936.88,34263
10200,"Landslide","Chile",9,12759541.94,44220
10208,"Flood","Italy",9,15135197.08,52744
3575,"Hurricane","Chile",9,13282974.43,51386
10230,"Earthquake","Turkey",9,12641807.13,43623
10242,"Hurricane","Philippines",9,11690056.75,51702
3579,"Flood","Chile",9,12616626.77,42341
10259,"Earthquake","Indonesia",9,9546324.24,51304
10269,"Wildfire","Philippines",9,3914443.49,49680
10279,"Flood","Philippines",9,7378944.19,37613
10281,"Volcanic Eruption","Philippines",9,4047981.31,50240
10285,"Flood","Philippines",9,11841119.78,50471
3590,"Wildfire","India",9,2515762.41,41804
10324,"Drought","USA",9,18121392.43,67852
10328,"Volcanic Eruption","Turkey",9,14509283.14,49623
10341,"Wildfire","USA",9,3945791.9,46521
10343,"Drought","Turkey",9,2839151.94,39824
3608,"Hurricane","USA",9,9886089.38,47980
10350,"Earthquake","Philippines",9,3101253.71,45857
10355,"Volcanic Eruption","Turkey",9,6136965.49,38655
10361,"Earthquake","Philippines",9,7695871.07,49882
3610,"Flood","Indonesia",9,5260407.73,38461
10381,"Drought","Italy",9,8046946.92,48330
10383,"Landslide","Japan",9,7614400.94,44048
3627,"Wildfire","USA",9,7411128.64,43643
10390,"Flood","Chile",9,5131839.37,44927
10396,"Hurricane","Chile",9,11195288.95,53390
10424,"Volcanic Eruption","India",9,9804054.07,44683
10441,"Hurricane","USA",9,11149247.12,48475
10442,"Wildfire","Italy",9,13317054.17,51294
1162,"Hurricane","Philippines",9,12489018.06,47096
10449,"Earthquake","Italy",9,14258993.1,58478
10479,"Earthquake","Japan",9,3717430.01,45977
3665,"Hurricane","Indonesia",9,9131024.67,42810
3666,"Flood","Italy",9,7441530.54,25820
3667,"Earthquake","Turkey",9,11814558.29,47429
10500,"Hurricane","Philippines",9,10968845.53,44381
1164,"Landslide","Italy",9,4461828.72,38979
10512,"Volcanic Eruption","Japan",9,11146693.13,46579
10517,"Earthquake","Philippines",9,9640274.02,45573
10522,"Drought","Chile",9,6997274.85,32843
10523,"Earthquake","Chile",9,3218235.44,23196
10530,"Hurricane","Japan",9,10604809.51,40252
10534,"Hurricane","India",9,12684717.32,46427
10545,"Earthquake","Indonesia",9,4090145.72,35593
3695,"Flood","Turkey",9,9035265.84,46808
10552,"Landslide","Philippines",9,9313281.69,45076
3701,"Flood","India",9,13530448.93,47226
10560,"Landslide","Italy",9,4726425.7,45518
10569,"Drought","USA",9,9707711.8,55792
10579,"Wildfire","Philippines",9,4952626.34,44999
1168,"Flood","Turkey",9,10195818.36,45075
3708,"Hurricane","Indonesia",9,10390434.78,37880
3711,"Drought","USA",9,3795915.5,37705
10596,"Wildfire","Turkey",9,7627583.87,45831
10597,"Landslide","Italy",9,4291546.08,39053
361,"Flood","Chile",9,7986760.63,42329
3723,"Flood","Philippines",9,9888543.07,44322
10617,"Wildfire","India",9,7906353.13,50824
1171,"Landslide","Turkey",9,9242368.31,54898
1175,"Volcanic Eruption","Indonesia",9,9273951.48,58141
369,"Drought","Italy",9,6240850.96,40557
10629,"Volcanic Eruption","Chile",9,10530842.67,73683
3735,"Flood","Chile",9,5495610.61,60069
3739,"Earthquake","India",9,9920278.0,36430
10643,"Wildfire","Chile",9,10701370.55,44197
10645,"Wildfire","Indonesia",9,12131743.41,40729
10654,"Drought","Philippines",9,4168754.4,54916
10657,"Volcanic Eruption","Japan",9,6412396.45,54690
10660,"Flood","Indonesia",9,9558241.92,40857
3759,"Hurricane","Japan",9,9807686.1,41269
3761,"Drought","Italy",9,6890217.01,51083
10683,"Volcanic Eruption","Indonesia",9,4514495.48,36805
10700,"Wildfire","USA",9,3394576.86,46564
371,"Drought","Japan",9,13400559.59,53156
3764,"Wildfire","Philippines",9,4439407.25,38931
10716,"Volcanic Eruption","Philippines",9,14496956.26,49420
10722,"Hurricane","Indonesia",9,7493389.97,52171
1183,"Earthquake","Philippines",9,4341766.44,52080
10746,"Drought","Chile",9,6869981.63,32004
10749,"Volcanic Eruption","Japan",9,7351385.44,47865
10750,"Volcanic Eruption","USA",9,3340324.64,59254
10754,"Drought","Indonesia",9,7420677.36,47974
3773,"Flood","USA",9,6020743.82,39402
10764,"Landslide","Italy",9,5645169.09,64856
10765,"Volcanic Eruption","Japan",9,8440064.48,43002
372,"Drought","Chile",9,10418769.64,55189
10779,"Earthquake","Turkey",9,4912624.94,31542
3781,"Earthquake","Turkey",9,6877162.99,40253
3789,"Drought","USA",9,12098998.55,61744
10791,"Volcanic Eruption","Italy",9,8322399.05,43754
1190,"Volcanic Eruption","Italy",9,8864742.6,39862
10801,"Flood","Japan",9,7374756.79,52577
1193,"Volcanic Eruption","Japan",9,5600081.74,46845
10815,"Drought","Japan",9,8935686.96,49099
10817,"Drought","Chile",9,4356083.53,41219
10826,"Hurricane","USA",9,13102821.0,44060
10833,"Volcanic Eruption","USA",9,13280064.44,54072
1198,"Drought","Italy",9,4680707.5,39689
3822,"Drought","Italy",9,9510286.44,53598
118,"Earthquake","India",9,14219349.57,47421
10852,"Hurricane","Indonesia",9,15008860.27,54357
10856,"Earthquake","USA",9,6963067.01,32288
10864,"Drought","Italy",9,3930805.02,42310
10867,"Hurricane","Philippines",9,8440041.56,42521
10871,"Flood","Chile",9,3424706.73,39110
10872,"Drought","Philippines",9,13824087.77,49585
10884,"Volcanic Eruption","USA",9,11627588.22,46307
386,"Earthquake","India",9,5066511.36,32572
3838,"Wildfire","Chile",9,12745698.8,50146
3847,"Wildfire","Chile",9,4270515.46,50910
10899,"Wildfire","Philippines",9,7677521.9,37088
10901,"Landslide","India",9,9490166.55,40934
3848,"Volcanic Eruption","Japan",9,3466323.83,37870
3851,"Hurricane","Japan",9,13394399.06,50452
10928,"Drought","India",9,15980223.53,57283
3862,"Landslide","Japan",9,12806316.22,48002
10939,"Drought","Philippines",9,3013854.27,35947
10953,"Landslide","India",9,4722417.05,50609
10954,"Earthquake","Indonesia",9,8428275.1,64734
10961,"Landslide","Japan",9,4692872.33,54056
10962,"Wildfire","Chile",9,9137974.5,39992
10966,"Volcanic Eruption","Italy",9,2883032.99,44207
10967,"Volcanic Eruption","Italy",9,7125835.58,50625
10976,"Wildfire","India",9,11939642.15,46038
10982,"Landslide","India",9,4691597.72,28710
3871,"Earthquake","Chile",9,13704256.48,53309
3875,"Wildfire","Chile",9,5223487.45,44600
11009,"Drought","Chile",9,9853619.11,49521
11014,"Drought","Japan",9,7161480.49,51466
11015,"Hurricane","India",9,9473454.36,42130
3877,"Flood","Indonesia",9,7708205.07,49973
1213,"Landslide","Chile",9,8128298.02,33352
1214,"Flood","Philippines",9,4003242.01,41411
11042,"Flood","Italy",9,9072019.92,39555
11062,"Drought","Philippines",9,10223219.8,35835
11072,"Earthquake","Philippines",9,13887786.65,46988
11075,"Drought","Italy",9,6062530.23,36379
11083,"Hurricane","Japan",9,4612941.64,48584
11084,"Flood","Chile",9,5476602.02,26656
11088,"Earthquake","USA",9,14104609.59,49361
11110,"Drought","Turkey",9,10114003.78,39339
3905,"Wildfire","Italy",9,16225244.85,58883
1218,"Wildfire","USA",9,9199941.01,39575
11124,"Landslide","Italy",9,7712843.86,41754
11145,"Landslide","Turkey",9,3078201.82,41456
11150,"Wildfire","USA",9,9091422.26,53070
11159,"Wildfire","Indonesia",9,11510080.67,44191
11163,"Landslide","Japan",9,12823096.79,43526
11166,"Wildfire","Chile",9,12566003.07,46691
11196,"Hurricane","Indonesia",9,2532820.32,42402
11197,"Drought","Turkey",9,4343753.86,40429
11200,"Flood","USA",9,5106004.14,44258
11206,"Drought","Philippines",9,5746840.44,23516
11209,"Drought","Indonesia",9,10601625.19,45995
3934,"Earthquake","USA",9,7830359.24,45026
11226,"Volcanic Eruption","Turkey",9,9376953.05,35184
11229,"Drought","Philippines",9,4610304.19,52180
11231,"Volcanic Eruption","Chile",9,7006906.5,42548
11234,"Drought","Chile",9,5619007.05,56663
3943,"Landslide","Indonesia",9,8679530.28,40006
11247,"Hurricane","Turkey",9,2243394.85,35959
1221,"Earthquake","USA",9,3206654.48,44923
11258,"Earthquake","Chile",9,7885219.58,43625
3958,"Hurricane","Chile",9,6864808.67,57763
3961,"Drought","USA",9,4849836.35,39283
11279,"Hurricane","Indonesia",9,6228411.18,40610
11280,"Landslide","USA",9,7557580.76,39926
3970,"Hurricane","Indonesia",9,5152011.81,50180
11286,"Drought","Turkey",9,8064405.41,40077
11289,"Flood","Chile",9,5352772.23,46957
3978,"Earthquake","Indonesia",9,6837378.06,53431
11292,"Flood","Indonesia",9,7886926.82,40352
11294,"Landslide","Chile",9,10998030.74,40235
1224,"Earthquake","Turkey",9,16256394.87,58725
11304,"Flood","Philippines",9,6519994.89,41821
11305,"Drought","Turkey",9,2570848.7,46368
11310,"Flood","Italy",9,12044329.75,46239
11319,"Landslide","USA",9,10494901.59,51287
3984,"Volcanic Eruption","Indonesia",9,8881011.49,43079
1247,"Wildfire","USA",9,5570338.04,38502
11332,"Flood","Turkey",9,5284569.91,43697
11345,"Drought","Chile",9,6950157.54,48360
4009,"Landslide","Philippines",9,15920394.6,57623
11353,"Volcanic Eruption","Turkey",9,8161636.84,46446
11355,"Wildfire","Japan",9,4908546.38,50140
4011,"Volcanic Eruption","Philippines",9,7977257.9,35451
4013,"Wildfire","Turkey",9,8066424.76,33489
1248,"Wildfire","Turkey",9,10435825.94,36803
11369,"Earthquake","Japan",9,4256773.29,47956
1253,"Volcanic Eruption","Japan",9,9634718.73,39293
1257,"Earthquake","Turkey",9,7247437.61,42314
11383,"Volcanic Eruption","Philippines",9,7912151.12,41568
4027,"Landslide","Philippines",9,4524069.06,66668
11401,"Hurricane","Turkey",9,2573542.54,38103
4032,"Flood","Philippines",9,12747991.54,44267
11416,"Wildfire","Turkey",9,7612664.85,51147
11431,"Landslide","USA",9,14948413.02,50132
11432,"Hurricane","Philippines",9,7697237.99,50255
11436,"Earthquake","Turkey",9,4473778.84,44136
11446,"Earthquake","India",9,5598116.96,46717
1264,"Hurricane","Turkey",9,12481702.4,60677
11449,"Earthquake","Chile",9,13421052.87,53059
11454,"Landslide","Indonesia",9,9308882.41,53421
11458,"Volcanic Eruption","Chile",9,8319560.85,51457
4036,"Flood","India",9,6885495.05,41798
11481,"Landslide","Chile",9,5352116.26,34588
11499,"Drought","USA",9,8097669.45,37728
4037,"Earthquake","Chile",9,2887001.45,42251
11512,"Hurricane","India",9,11584122.61,52809
1273,"Hurricane","Chile",9,8778202.21,32907
11529,"Earthquake","Chile",9,5551340.58,25955
11533,"Volcanic Eruption","USA",9,11300521.88,51499
402,"Flood","Italy",9,7466808.79,38768
1279,"Flood","Japan",9,10970262.19,41386
4071,"Flood","Japan",9,3503490.84,44806
1280,"Earthquake","Turkey",9,3479965.76,42242
11563,"Wildfire","Italy",9,18192896.16,72124
4080,"Landslide","Chile",9,4312208.37,37030
11572,"Landslide","India",9,2786493.97,41505
11574,"Hurricane","India",9,3856868.71,52989
11575,"Hurricane","Indonesia",9,7636401.09,50862
404,"Wildfire","Philippines",9,4679329.85,44931
11581,"Flood","Indonesia",9,8422643.11,46688
4091,"Volcanic Eruption","Indonesia",9,7948932.87,38660
4094,"Landslide","Turkey",9,11877911.49,45296
11606,"Flood","USA",9,5935352.42,48832
11615,"Wildfire","Japan",9,10115359.98,47271
11621,"Earthquake","Japan",9,4504098.28,43609
4102,"Landslide","Indonesia",9,13537647.14,47249
11635,"Drought","Philippines",9,12145396.91,47601
11648,"Hurricane","Philippines",9,11136015.65,45279
11652,"Landslide","USA",9,16312110.9,61266
11660,"Volcanic Eruption","India",9,8130300.97,42034
4108,"Wildfire","USA",9,4481028.56,36549
11681,"Landslide","Japan",9,10660837.85,46160
11686,"Flood","Chile",9,13150133.82,56030
11687,"Earthquake","Indonesia",9,6824001.24,46401
1285,"Hurricane","Italy",9,2916572.3,51614
11706,"Landslide","Italy",9,11951726.85,40408
11709,"Landslide","Japan",9,4157636.48,46843
11717,"Volcanic Eruption","USA",9,14061541.69,52483
4135,"Volcanic Eruption","Indonesia",9,6721394.29,54238
11732,"Drought","Chile",9,4072008.77,50043
11743,"Hurricane","Italy",9,7602743.74,32159
11745,"Drought","Chile",9,4602389.62,60571
11754,"Earthquake","USA",9,5918916.54,46385
11756,"Volcanic Eruption","Philippines",9,2318617.37,37894
11757,"Flood","Philippines",9,17364650.07,58244
11765,"Flood","Italy",9,10949160.02,63115
4146,"Hurricane","Chile",9,9455764.75,50404
11770,"Volcanic Eruption","Chile",9,3984135.46,28535
11773,"Hurricane","Italy",9,6447040.64,65069
428,"Flood","Turkey",9,8040632.13,54168
11785,"Volcanic Eruption","Philippines",9,8442671.62,38404
4152,"Volcanic Eruption","Indonesia",9,13072222.33,49853
11795,"Drought","Japan",9,10588005.05,40202
11799,"Wildfire","Indonesia",9,11214309.5,49059
11800,"Flood","USA",9,8425146.01,52218
4154,"Hurricane","Philippines",9,6227508.38,39693
11804,"Volcanic Eruption","USA",9,11815907.91,45628
11812,"Volcanic Eruption","Italy",9,13818417.18,52767
11818,"Landslide","Italy",9,12405559.61,45511
11824,"Volcanic Eruption","Chile",9,14610329.33,50382
11827,"Landslide","Japan",9,6460114.4,48237
1298,"Wildfire","Indonesia",9,11901090.37,51056
11842,"Earthquake","Turkey",9,9930373.52,46086
1299,"Drought","Indonesia",9,12983869.25,48629
11857,"Landslide","India",9,9636947.83,43532
4171,"Drought","Japan",9,12207860.37,43407
4176,"Hurricane","USA",9,15284589.77,57358
4184,"Landslide","India",9,12354198.07,55845
11882,"Hurricane","Chile",9,7720944.21,25998
11885,"Flood","Turkey",9,8229200.38,41482
11887,"Earthquake","Indonesia",9,7452250.64,40133
11900,"Landslide","Chile",9,6962160.59,37341
4185,"Wildfire","USA",9,8178017.54,44343
11916,"Earthquake","India",9,8789876.91,43026
11919,"Volcanic Eruption","Chile",9,6242409.82,34884
4190,"Wildfire","Indonesia",9,10444938.68,50724
11923,"Hurricane","Chile",9,11890457.25,51130
11925,"Earthquake","Indonesia",9,5714184.87,40834
11935,"Hurricane","Chile",9,6792460.83,47422
4206,"Earthquake","India",9,3364514.38,29957
437,"Landslide","Indonesia",9,5084792.75,42461
4222,"Wildfire","Japan",9,6808087.46,45008
11959,"Volcanic Eruption","Japan",9,11077662.2,40110
11970,"Landslide","Chile",9,14822617.38,61439
11980,"Hurricane","India",9,8094941.44,52374
11995,"Landslide","USA",9,11319339.3,53376
4243,"Earthquake","India",9,9256361.37,34661
4247,"Volcanic Eruption","Philippines",9,4143674.03,22224
12011,"Hurricane","USA",9,7361063.55,35230
4250,"Landslide","Japan",9,13360418.35,46889
12019,"Drought","Chile",9,5861925.87,33556
12026,"Earthquake","Philippines",9,7893318.69,31782
12027,"Landslide","India",9,7830328.19,47438
12032,"Earthquake","Chile",9,11809844.48,49575
12035,"Volcanic Eruption","Philippines",9,6548601.54,35503
12037,"Volcanic Eruption","Philippines",9,3090818.54,45057
12042,"Wildfire","Japan",9,8027950.33,32695
4258,"Landslide","Philippines",9,8309317.99,36196
120,"Landslide","Turkey",9,10907219.67,53874
1310,"Landslide","Chile",9,10273722.82,35864
12087,"Landslide","Japan",9,4293588.73,44456
12093,"Earthquake","Chile",9,8824934.45,46481
4272,"Hurricane","Turkey",9,5554522.65,58896
4273,"Landslide","Indonesia",9,13742603.59,62563
12119,"Landslide","Philippines",9,5106084.01,38017
12121,"Flood","USA",9,4331246.76,36143
1319,"Earthquake","Philippines",9,10873167.91,48950
443,"Volcanic Eruption","Italy",9,13331687.23,48968
12154,"Hurricane","Chile",9,5259878.34,39866
12181,"Flood","Italy",9,11040261.65,43767
12185,"Earthquake","Chile",9,13468444.6,56054
31,"Volcanic Eruption","Japan",9,5238426.38,27265
12197,"Landslide","Chile",9,3310614.45,57891
12198,"Flood","USA",9,4315291.78,38527
4297,"Hurricane","India",9,2677794.6,52705
12206,"Flood","Philippines",9,9633141.74,56587
12207,"Flood","USA",9,11532177.69,61346
4298,"Drought","Turkey",9,11448733.81,45349
4300,"Wildfire","Turkey",9,2998672.62,40089
4301,"Volcanic Eruption","Italy",9,10668635.47,38557
12222,"Volcanic Eruption","Turkey",9,3909458.62,43513
12224,"Volcanic Eruption","Turkey",9,7865954.89,28372
12230,"Landslide","Italy",9,6038838.17,44633
12232,"Earthquake","Japan",9,9381047.48,51954
12256,"Earthquake","Indonesia",9,6238267.05,38493
4315,"Flood","Philippines",9,4456750.32,34570
12264,"Wildfire","USA",9,10855827.11,56035
12270,"Hurricane","Chile",9,9127683.12,47562
12272,"Flood","Chile",9,6643969.46,46805
4317,"Hurricane","Indonesia",9,7217245.69,32813
12292,"Drought","Turkey",9,7181119.73,52927
4319,"Earthquake","Indonesia",9,3095152.29,34251
1335,"Drought","Turkey",9,8223489.02,35782
12304,"Landslide","Japan",9,8282995.06,46257
12321,"Wildfire","India",9,15488953.29,53011
12332,"Landslide","Turkey",9,7172925.32,31035
19998,"Hurricane","Philippines",8,8518260.66,44663
13390,"Drought","India",8,3388645.73,45941
1,"Wildfire","Chile",8,2768213.39,31104
4,"Drought","Chile",8,1827703.09,31191
5,"Volcanic Eruption","Turkey",8,13435921.49,46284
17579,"Flood","Indonesia",8,11016480.27,48131
19274,"Wildfire","USA",8,8652549.23,40777
15,"Wildfire","Philippines",8,1708024.74,20242
37,"Drought","Japan",8,10070884.25,42581
46,"Volcanic Eruption","India",8,6283324.11,22633
54,"Earthquake","USA",8,10060629.24,36692
59,"Earthquake","Italy",8,13527959.06,52641
72,"Earthquake","Turkey",8,8799809.93,38166
74,"Earthquake","India",8,12463840.95,42059
87,"Hurricane","Italy",8,9051706.22,33395
89,"Earthquake","India",8,10678484.52,45063
105,"Drought","Chile",8,12294720.72,42863
111,"Hurricane","Italy",8,9450210.8,48499
112,"Landslide","Philippines",8,3124110.98,28749
117,"Earthquake","Chile",8,10523392.19,39539
121,"Volcanic Eruption","Japan",8,8278409.03,38140
134,"Wildfire","USA",8,8795174.76,36828
173,"Hurricane","India",8,10056500.41,36770
204,"Landslide","Japan",8,4829635.53,40605
210,"Volcanic Eruption","Japan",8,3262781.77,41706
227,"Wildfire","Chile",8,14050428.53,48982
232,"Drought","Italy",8,8933688.87,44498
242,"Flood","Chile",8,6553806.73,35212
248,"Earthquake","Japan",8,2861862.02,45456
254,"Volcanic Eruption","Indonesia",8,8412204.69,42724
258,"Hurricane","Italy",8,4380686.4,43776
267,"Wildfire","Turkey",8,7415625.63,48171
291,"Wildfire","India",8,2493691.79,30256
292,"Volcanic Eruption","India",8,4705458.31,24655
294,"Earthquake","Indonesia",8,1920926.38,31367
307,"Earthquake","Japan",8,5756863.56,40222
312,"Landslide","Japan",8,1410326.15,26760
338,"Landslide","Italy",8,7823541.24,55609
347,"Flood","Chile",8,9818987.9,34405
352,"Earthquake","Philippines",8,5169658.42,37909
373,"Landslide","Turkey",8,2668785.59,49916
375,"Landslide","Philippines",8,8831649.25,40122
440,"Earthquake","Japan",8,10320008.46,41419
448,"Volcanic Eruption","Turkey",8,3847710.05,32901
451,"Earthquake","Turkey",8,3305449.75,58225
463,"Earthquake","Italy",8,4546595.8,39501
466,"Earthquake","Indonesia",8,4954879.21,45522
478,"Volcanic Eruption","Turkey",8,6520406.11,41264
479,"Drought","Japan",8,4839198.02,40568
513,"Landslide","Italy",8,2247616.35,37899
515,"Earthquake","Japan",8,2646028.79,40329
516,"Wildfire","USA",8,4332832.95,30314
522,"Wildfire","Philippines",8,8511134.7,48378
546,"Earthquake","Philippines",8,7009367.03,35691
548,"Landslide","Turkey",8,12824934.83,47744
584,"Wildfire","Japan",8,7367257.27,48308
590,"Drought","Chile",8,6145427.95,34871
594,"Landslide","Philippines",8,5374571.8,41149
599,"Flood","India",8,12093492.11,42104
616,"Volcanic Eruption","Italy",8,4494195.18,38067
619,"Earthquake","India",8,2343251.91,41007
633,"Drought","Philippines",8,2672907.22,41963
649,"Hurricane","Chile",8,5395610.43,35213
675,"Wildfire","Italy",8,9775917.1,59987
694,"Flood","Italy",8,8586513.47,47533
705,"Wildfire","India",8,8757935.29,41692
715,"Drought","Turkey",8,6624361.63,22416
729,"Earthquake","Philippines",8,3050624.53,39163
742,"Landslide","Indonesia",8,9972082.63,40916
745,"Wildfire","Indonesia",8,8099409.8,44829
758,"Wildfire","USA",8,14146015.54,52554
764,"Wildfire","Indonesia",8,6065719.58,29726
768,"Wildfire","India",8,4937316.05,44350
790,"Landslide","Turkey",8,1972542.72,23754
819,"Drought","Philippines",8,9889362.67,44600
822,"Flood","USA",8,2211669.98,41814
829,"Drought","Italy",8,13229590.12,51014
831,"Earthquake","Chile",8,11993207.74,45345
845,"Wildfire","Chile",8,5522497.31,30173
852,"Landslide","Indonesia",8,6705732.87,55101
853,"Flood","Chile",8,3597173.6,40649
856,"Landslide","India",8,7028886.41,47312
858,"Landslide","India",8,5246350.02,31711
861,"Volcanic Eruption","Indonesia",8,4632460.89,40891
876,"Wildfire","Philippines",8,3120556.12,46515
900,"Volcanic Eruption","Indonesia",8,4761385.58,41659
904,"Landslide","Philippines",8,5049946.24,39517
907,"Landslide","Turkey",8,7663378.31,51777
922,"Volcanic Eruption","Philippines",8,4072622.72,32411
930,"Wildfire","Turkey",8,5435077.81,38762
936,"Landslide","India",8,2200226.62,42361
950,"Earthquake","Japan",8,12213905.04,50949
962,"Earthquake","India",8,9542644.74,39409
975,"Hurricane","Italy",8,9263255.71,42932
978,"Landslide","Philippines",8,3572236.05,37056
981,"Flood","Turkey",8,4459303.68,38968
1001,"Flood","Turkey",8,6326974.61,29475
1002,"Earthquake","Turkey",8,12242503.92,58645
1003,"Landslide","India",8,6989679.19,26622
1007,"Hurricane","Italy",8,11261203.34,37857
1032,"Wildfire","Italy",8,6101160.98,56272
1033,"Drought","Japan",8,7354617.73,38828
1036,"Flood","Turkey",8,5413430.89,45255
1039,"Wildfire","Turkey",8,3094810.79,40853
1045,"Wildfire","Chile",8,13182953.39,45819
1054,"Hurricane","India",8,11211995.11,41370
1067,"Volcanic Eruption","Italy",8,11527778.68,49307
1070,"Wildfire","Italy",8,3766823.86,43023
1073,"Landslide","India",8,13883496.35,48523
1090,"Volcanic Eruption","Japan",8,2868241.65,43719
1103,"Wildfire","Turkey",8,7321235.2,29927
1105,"Landslide","Indonesia",8,16248536.38,54591
1117,"Wildfire","Turkey",8,10138061.9,37252
1129,"Earthquake","Philippines",8,12364719.97,45218
1154,"Drought","Japan",8,14485017.01,52837
1155,"Hurricane","Turkey",8,8517518.32,42966
1157,"Volcanic Eruption","Indonesia",8,10176022.18,45258
1160,"Flood","Turkey",8,5845903.87,24385
1166,"Earthquake","Japan",8,11591673.61,47964
1169,"Flood","Philippines",8,4015266.53,39278
1179,"Hurricane","Indonesia",8,5794389.63,43305
1182,"Hurricane","Turkey",8,5502578.61,27084
1184,"Wildfire","Chile",8,11782773.4,39412
1191,"Wildfire","Japan",8,9694871.65,39345
1195,"Wildfire","Philippines",8,10169576.64,39583
1200,"Volcanic Eruption","Philippines",8,4673003.74,35085
1203,"Wildfire","Japan",8,7568381.75,25512
1210,"Volcanic Eruption","Japan",8,10799572.78,38554
1228,"Hurricane","India",8,7987710.28,50583
1259,"Earthquake","Turkey",8,5308547.61,39537
1272,"Flood","Indonesia",8,7209548.54,35128
1278,"Earthquake","Japan",8,3511481.25,38275
1281,"Earthquake","Italy",8,10542193.42,46532
1290,"Earthquake","India",8,7624563.06,50683
1293,"Hurricane","USA",8,4339726.0,29716
1294,"Drought","Philippines",8,13686783.17,49934
1296,"Flood","Philippines",8,8131631.89,30140
1301,"Flood","Turkey",8,5524695.02,40987
1305,"Earthquake","Philippines",8,9475514.94,32071
1320,"Hurricane","USA",8,4566875.24,40787
1324,"Flood","USA",8,8745477.66,32131
1348,"Volcanic Eruption","Philippines",8,3471473.1,31120
1365,"Drought","Japan",8,5156698.43,43738
1423,"Drought","Philippines",8,10499525.84,36688
1428,"Hurricane","Italy",8,5507933.92,40043
1434,"Flood","Chile",8,11831689.03,41635
1438,"Volcanic Eruption","India",8,4856295.6,42017
1443,"Landslide","Chile",8,3105418.55,40215
1454,"Drought","India",8,13957852.13,56691
1472,"Volcanic Eruption","Chile",8,7879672.5,55521
1486,"Drought","Japan",8,6800350.15,39666
1491,"Flood","Turkey",8,6675107.52,42922
1500,"Flood","Italy",8,4969245.58,27829
1507,"Drought","USA",8,10086238.87,35678
1525,"Flood","Philippines",8,9907448.6,42136
1526,"Landslide","Philippines",8,6353425.32,47978
1533,"Hurricane","Philippines",8,6857076.6,30762
1536,"Landslide","Italy",8,1885300.3,32964
1544,"Landslide","USA",8,6760266.09,28878
1550,"Earthquake","Japan",8,6751221.42,34833
1567,"Drought","Indonesia",8,5763373.07,36641
1580,"Volcanic Eruption","Philippines",8,8351050.87,45320
1597,"Earthquake","Indonesia",8,5550728.96,39862
1598,"Wildfire","Indonesia",8,9374214.66,38540
1604,"Landslide","USA",8,11122909.13,38357
1605,"Volcanic Eruption","India",8,2390419.92,37744
1610,"Earthquake","Chile",8,10165575.52,45165
1611,"Volcanic Eruption","USA",8,10767927.42,38507
1612,"Volcanic Eruption","Chile",8,4153972.93,42421
1641,"Earthquake","Chile",8,3769204.9,52076
1643,"Drought","Chile",8,5010241.94,41508
1655,"Flood","Philippines",8,7854369.72,37245
1662,"Drought","USA",8,8155379.12,44650
1670,"Landslide","Turkey",8,2386656.0,36302
1676,"Wildfire","Chile",8,8794121.19,35391
1679,"Earthquake","USA",8,11255037.36,42299
1685,"Hurricane","Japan",8,4952325.38,40538
1686,"Volcanic Eruption","Philippines",8,1201574.41,22068
1688,"Drought","Turkey",8,9185504.25,36965
1690,"Earthquake","India",8,3088617.26,34570
1721,"Drought","Chile",8,10465631.45,38058
1724,"Flood","Philippines",8,4160301.62,46263
1738,"Drought","Philippines",8,4147523.53,45806
1760,"Landslide","Indonesia",8,7148501.95,40458
1775,"Landslide","Japan",8,10473458.08,41084
1778,"Hurricane","Philippines",8,6322745.99,35831
1799,"Hurricane","Philippines",8,13081526.33,44725
1818,"Drought","Indonesia",8,3647740.91,33918
1823,"Volcanic Eruption","Italy",8,3452824.03,47290
1845,"Volcanic Eruption","Turkey",8,6880848.55,50257
1869,"Hurricane","Indonesia",8,6736166.52,36628
1890,"Drought","Chile",8,2203189.75,41493
1892,"Volcanic Eruption","USA",8,9251704.65,37541
1893,"Earthquake","Indonesia",8,4542648.26,40904
1895,"Drought","USA",8,4482977.55,34386
1897,"Landslide","Chile",8,9947840.69,40558
1901,"Wildfire","Chile",8,1823600.57,23193
1902,"Flood","USA",8,8644035.47,37013
1905,"Volcanic Eruption","Japan",8,6705486.09,24747
1919,"Landslide","India",8,3224772.35,32188
1922,"Hurricane","Chile",8,7769881.89,35332
1956,"Volcanic Eruption","Philippines",8,3631802.89,36553
1964,"Landslide","Italy",8,3326029.8,48766
1973,"Earthquake","Turkey",8,5389349.47,42091
1989,"Landslide","USA",8,3400851.39,30101
1995,"Drought","India",8,11156346.77,41763
2019,"Flood","Chile",8,2167511.57,37814
2039,"Drought","India",8,6971449.07,63363
2044,"Wildfire","Indonesia",8,5476238.25,41527
2053,"Wildfire","Philippines",8,2431992.14,46391
2059,"Wildfire","Japan",8,8978176.09,38879
2078,"Landslide","Italy",8,13487721.89,46427
2130,"Wildfire","Philippines",8,2852238.96,43267
2134,"Volcanic Eruption","Turkey",8,7606753.3,40270
2145,"Earthquake","India",8,5064052.23,37791
2146,"Hurricane","Indonesia",8,5714188.14,29587
2157,"Drought","Japan",8,5893785.11,44430
2166,"Volcanic Eruption","Italy",8,6469599.22,37157
2168,"Drought","Chile",8,3798209.58,28145
2187,"Wildfire","Japan",8,3179896.44,39260
2188,"Landslide","USA",8,6298686.39,47830
2207,"Earthquake","Indonesia",8,10057014.01,40496
2210,"Wildfire","Italy",8,2397334.41,42219
2212,"Wildfire","India",8,4354132.28,45152
2218,"Volcanic Eruption","Chile",8,9048058.76,36695
2220,"Drought","Philippines",8,4459816.85,47343
2246,"Flood","Turkey",8,2059983.04,40127
2259,"Earthquake","Philippines",8,4146025.61,34910
2270,"Flood","Indonesia",8,6061059.78,43237
2277,"Hurricane","Italy",8,4421757.23,50795
2284,"Flood","Turkey",8,4611035.31,40506
2285,"Drought","Italy",8,12383340.55,47474
2290,"Flood","USA",8,4549063.24,32172
2319,"Drought","Italy",8,6677343.4,43792
2323,"Hurricane","Indonesia",8,6054674.05,26135
2325,"Earthquake","Philippines",8,8482113.8,49251
2331,"Wildfire","Indonesia",8,10726205.95,40664
2337,"Drought","Japan",8,6354427.87,25338
2351,"Landslide","Indonesia",8,7053117.83,37175
2360,"Landslide","Chile",8,3717297.96,19887
2361,"Drought","USA",8,8053370.52,45568
2366,"Hurricane","Turkey",8,17663418.65,62484
2372,"Drought","Japan",8,6012025.34,42569
2374,"Landslide","Chile",8,8370644.19,41422
2381,"Landslide","Turkey",8,3876365.32,37443
2382,"Wildfire","USA",8,8998291.02,39238
2385,"Flood","Japan",8,2570087.91,37280
2387,"Wildfire","Indonesia",8,2264333.35,23595
2409,"Flood","Philippines",8,3027311.12,46645
2411,"Landslide","Turkey",8,2868060.63,32752
2421,"Volcanic Eruption","Turkey",8,5978955.03,32305
2438,"Landslide","Indonesia",8,5002381.79,39112
2445,"Landslide","Turkey",8,2706288.22,40419
2462,"Flood","Indonesia",8,6664247.75,39366
2474,"Wildfire","Chile",8,2164563.88,34501
2490,"Wildfire","India",8,10945015.19,38515
2505,"Earthquake","Chile",8,12814062.74,47421
2511,"Landslide","Italy",8,5816941.39,52085
2534,"Earthquake","India",8,9259229.5,33314
2538,"Volcanic Eruption","Indonesia",8,3730863.58,31593
2555,"Volcanic Eruption","Japan",8,5891384.31,43100
2556,"Drought","USA",8,8353527.72,49792
2585,"Drought","USA",8,3512754.43,33629
2608,"Flood","Philippines",8,10005718.68,44772
2621,"Wildfire","Italy",8,5808070.42,40177
2646,"Drought","Italy",8,7957961.39,30713
2670,"Wildfire","Indonesia",8,8014406.75,40892
2687,"Landslide","Turkey",8,10724698.13,45262
2731,"Earthquake","Chile",8,7875624.92,41306
2745,"Earthquake","Chile",8,10703395.34,43419
2762,"Wildfire","Philippines",8,7361246.92,52462
2776,"Drought","Turkey",8,5643811.67,38120
2789,"Volcanic Eruption","Italy",8,9530611.91,42044
2793,"Wildfire","India",8,7820184.12,39503
2813,"Wildfire","Chile",8,2829250.97,49733
2822,"Earthquake","Italy",8,14510712.13,58247
2833,"Earthquake","Philippines",8,3477244.85,35729
2834,"Earthquake","Chile",8,7956720.6,43325
2844,"Hurricane","India",8,3852390.82,35237
2845,"Earthquake","India",8,6412805.88,31152
2849,"Hurricane","Japan",8,10635999.74,44795
2855,"Hurricane","Turkey",8,3245305.07,26848
2856,"Volcanic Eruption","Philippines",8,13056626.15,43776
2857,"Wildfire","India",8,6247376.89,30221
2879,"Drought","Indonesia",8,7797739.25,31383
2901,"Hurricane","USA",8,2231393.22,44426
2923,"Landslide","Japan",8,8095842.06,54349
2934,"Drought","USA",8,6902631.43,29089
2939,"Volcanic Eruption","Chile",8,11329896.6,59708
2943,"Flood","Turkey",8,4515115.91,27555
2954,"Flood","India",8,8085452.64,40591
2955,"Hurricane","USA",8,6008056.94,34808
2958,"Wildfire","India",8,6019988.16,37208
2966,"Volcanic Eruption","Japan",8,9008534.52,36696
2981,"Volcanic Eruption","Japan",8,8787307.84,33278
2986,"Volcanic Eruption","USA",8,11512084.77,39380
2990,"Drought","Philippines",8,4976020.64,29894
2991,"Volcanic Eruption","Turkey",8,6773472.62,39784
2993,"Flood","USA",8,3195818.41,39750
2997,"Flood","Chile",8,3743668.26,63402
3022,"Earthquake","Philippines",8,7732242.85,33328
3023,"Volcanic Eruption","USA",8,9281216.76,41017
3056,"Hurricane","Philippines",8,7104309.43,32508
3073,"Landslide","India",8,10357620.21,41797
3082,"Earthquake","Turkey",8,7743937.1,40578
3088,"Drought","Indonesia",8,11308335.84,40341
3096,"Drought","India",8,4164141.85,50280
3097,"Drought","Philippines",8,10422792.13,40505
3098,"Flood","USA",8,9495567.72,37140
3113,"Volcanic Eruption","Turkey",8,2735795.55,31635
3134,"Wildfire","Chile",8,13343028.85,45400
3141,"Earthquake","Chile",8,10127740.42,43506
3157,"Flood","India",8,3733652.98,40029
3169,"Volcanic Eruption","Japan",8,5459580.03,29198
3173,"Volcanic Eruption","Turkey",8,13844681.8,51875
3212,"Earthquake","Japan",8,7974964.3,28063
3213,"Landslide","Japan",8,5080400.07,58060
3224,"Flood","India",8,6094346.78,38312
3226,"Drought","Chile",8,5111825.21,41712
3231,"Wildfire","India",8,4806727.1,49082
3234,"Flood","Turkey",8,3141844.36,25626
3235,"Earthquake","Japan",8,3149168.87,31702
3237,"Volcanic Eruption","India",8,9323579.5,44672
3240,"Drought","India",8,9888881.18,35081
3247,"Hurricane","Japan",8,8419932.36,32347
3266,"Wildfire","Japan",8,4757103.71,32383
3275,"Flood","USA",8,2428101.1,36804
3277,"Drought","Japan",8,5451397.42,23593
3293,"Landslide","Japan",8,3262981.79,36193
3315,"Drought","Italy",8,6198286.57,33538
3322,"Volcanic Eruption","Italy",8,5813647.53,44065
3324,"Flood","India",8,12708970.36,44028
3339,"Earthquake","USA",8,8024696.23,48592
3347,"Wildfire","Indonesia",8,9576318.07,50707
3362,"Wildfire","Japan",8,7322441.99,54867
3367,"Wildfire","India",8,3624084.48,38572
3392,"Wildfire","India",8,2217557.5,39797
3420,"Flood","Philippines",8,8220165.9,48715
3432,"Hurricane","Italy",8,4592294.15,23181
3434,"Hurricane","Philippines",8,3457041.35,35952
3449,"Landslide","India",8,4056869.14,36761
3458,"Earthquake","Turkey",8,11516614.14,45079
3459,"Wildfire","Philippines",8,11775296.47,47110
3464,"Volcanic Eruption","Turkey",8,5510986.74,31370
3465,"Wildfire","Chile",8,4599334.33,37579
3492,"Volcanic Eruption","India",8,3843793.71,39456
3508,"Flood","Chile",8,11942888.16,54425
3509,"Wildfire","Turkey",8,6198725.84,46663
3514,"Hurricane","Italy",8,8448880.68,51413
3515,"Drought","Turkey",8,6659712.85,34053
3530,"Earthquake","USA",8,9144620.36,34360
3541,"Drought","India",8,9313218.12,31889
3574,"Earthquake","Philippines",8,4676558.83,37185
3581,"Hurricane","Indonesia",8,3656275.24,44030
3605,"Drought","Italy",8,3938780.0,34878
3606,"Flood","Indonesia",8,10320957.09,40843
3639,"Drought","USA",8,7727196.89,33686
3644,"Drought","Indonesia",8,4079404.57,35873
3645,"Earthquake","USA",8,7184447.55,36409
3649,"Drought","USA",8,2901132.64,45141
3664,"Volcanic Eruption","Philippines",8,12471392.54,56068
3680,"Flood","Chile",8,3918867.1,36065
3703,"Volcanic Eruption","Chile",8,7275306.66,43910
3706,"Landslide","India",8,9739045.15,44138
3717,"Flood","Turkey",8,2540629.64,41056
3721,"Wildfire","USA",8,11547783.23,39992
3730,"Earthquake","India",8,10357244.24,39844
3731,"Landslide","Indonesia",8,6587574.85,39893
3732,"Earthquake","Japan",8,5394863.58,29231
3753,"Earthquake","India",8,2389715.68,44984
3762,"Wildfire","Turkey",8,4867434.67,22188
3770,"Drought","Turkey",8,7267304.28,31186
3779,"Hurricane","Turkey",8,7339403.19,44080
3791,"Volcanic Eruption","USA",8,1825638.44,35540
3792,"Earthquake","USA",8,8771798.11,42208
3795,"Hurricane","Philippines",8,2856707.94,37394
3809,"Hurricane","Chile",8,6777226.67,38051
3820,"Wildfire","Japan",8,11230466.29,41689
3824,"Landslide","Turkey",8,4869425.12,23627
3828,"Landslide","Indonesia",8,11590598.8,46972
3830,"Hurricane","Philippines",8,7391578.4,39852
3831,"Earthquake","Indonesia",8,4192992.61,39615
3834,"Earthquake","Indonesia",8,3895463.89,44331
3861,"Flood","Indonesia",8,8850327.61,49816
3883,"Hurricane","Indonesia",8,2011936.32,39705
3886,"Hurricane","USA",8,10423369.11,39297
3891,"Wildfire","Chile",8,4020095.49,34481
3918,"Flood","Chile",8,7309111.6,34554
3921,"Hurricane","India",8,7557380.45,28427
3925,"Drought","Japan",8,3603502.58,30994
3953,"Earthquake","USA",8,7852755.52,51211
3976,"Drought","Chile",8,7545750.59,35960
3981,"Wildfire","Turkey",8,1994961.27,32443
3983,"Landslide","USA",8,8472187.27,30086
3985,"Wildfire","Indonesia",8,4783123.99,32522
3986,"Hurricane","USA",8,5355580.9,40465
4014,"Earthquake","Indonesia",8,10032345.71,43613
4016,"Earthquake","Chile",8,9075637.93,36036
4019,"Hurricane","Italy",8,2013153.64,37282
4021,"Drought","Chile",8,8006351.58,58937
4033,"Wildfire","India",8,3420736.74,33637
4035,"Volcanic Eruption","Japan",8,2857070.29,28551
4046,"Flood","Turkey",8,8082531.85,42324
4047,"Landslide","India",8,8467366.94,47404
4055,"Wildfire","Philippines",8,5618662.28,42676
4059,"Earthquake","India",8,3207123.22,33612
4064,"Earthquake","USA",8,5296306.46,35000
4074,"Volcanic Eruption","Italy",8,10656121.98,53551
4082,"Wildfire","Italy",8,3514721.45,58696
4098,"Wildfire","Turkey",8,5298493.2,38426
4114,"Flood","Japan",8,2507513.44,36203
4116,"Hurricane","Turkey",8,2616402.23,34747
4119,"Flood","Indonesia",8,10971706.02,37199
4121,"Wildfire","Indonesia",8,5656755.14,29966
4147,"Landslide","Turkey",8,7539412.17,37146
4158,"Landslide","USA",8,2001359.61,39903
4163,"Earthquake","Philippines",8,3981707.29,34235
4165,"Earthquake","Philippines",8,3546537.42,33437
4217,"Hurricane","Chile",8,2426559.57,45774
4260,"Drought","India",8,6890872.34,36654
4261,"Drought","India",8,6422265.56,41409
4264,"Volcanic Eruption","Italy",8,9461644.5,36419
4283,"Landslide","Philippines",8,3390940.39,29869
4284,"Flood","Italy",8,5459466.82,40637
4295,"Flood","Philippines",8,3219206.93,40932
4296,"Landslide","USA",8,6489976.6,32732
4305,"Landslide","Italy",8,13104314.85,48919
4320,"Hurricane","USA",8,1795943.27,34437
4329,"Flood","India",8,4340845.78,18229
4331,"Flood","Indonesia",8,7012306.85,33574
4336,"Drought","Indonesia",8,7688769.08,34432
4351,"Volcanic Eruption","Japan",8,6352497.25,36352
4368,"Volcanic Eruption","Japan",8,9828848.91,49496
4369,"Drought","Japan",8,7779650.21,32689
4377,"Hurricane","Indonesia",8,8141045.13,33082
4379,"Earthquake","Philippines",8,11436994.87,38873
4387,"Earthquake","Japan",8,5018194.4,34600
4396,"Volcanic Eruption","Indonesia",8,5203740.78,38557
4403,"Drought","Japan",8,5613451.59,38945
4405,"Landslide","Italy",8,14685658.69,49183
4421,"Wildfire","USA",8,11242981.79,40352
4425,"Earthquake","Japan",8,10129217.35,49619
4444,"Hurricane","USA",8,2602679.83,34251
4461,"Hurricane","India",8,3859424.1,42625
4462,"Volcanic Eruption","India",8,10031765.5,49026
4474,"Earthquake","Italy",8,3639553.7,32014
4489,"Landslide","Philippines",8,13225117.28,45000
4490,"Flood","India",8,8794338.98,43615
4512,"Hurricane","Philippines",8,8971711.21,31957
4525,"Flood","Chile",8,10085016.96,40512
4536,"Earthquake","USA",8,3101854.43,47883
4560,"Flood","Chile",8,2814450.82,42111
4576,"Wildfire","Japan",8,5321091.11,35755
4580,"Earthquake","Chile",8,8417937.26,35589
4583,"Landslide","India",8,8972843.21,36402
4585,"Wildfire","Turkey",8,9727163.9,35027
4591,"Hurricane","Japan",8,2132663.83,36257
4593,"Hurricane","Italy",8,3502983.51,47820
4599,"Drought","Indonesia",8,9738332.33,41799
4604,"Wildfire","Japan",8,6214742.8,34531
4607,"Drought","Chile",8,4407524.09,49210
4621,"Earthquake","India",8,7342410.15,42073
4639,"Flood","Indonesia",8,6644394.73,36192
4645,"Flood","India",8,6818064.09,31795
4653,"Wildfire","Italy",8,2680692.32,46562
4670,"Landslide","Japan",8,2735863.11,40057
4672,"Hurricane","Japan",8,3240453.86,39027
4673,"Flood","India",8,7418999.69,36290
4676,"Flood","Chile",8,1970256.93,33662
4688,"Landslide","India",8,5691101.6,43671
4691,"Drought","Indonesia",8,7981541.31,32800
4697,"Wildfire","Italy",8,4365613.56,39706
4699,"Volcanic Eruption","USA",8,14854473.67,51813
4701,"Volcanic Eruption","India",8,3983166.91,39210
4707,"Flood","Indonesia",8,4916722.31,38638
4728,"Hurricane","Japan",8,4835538.55,31265
4750,"Hurricane","Italy",8,2726484.97,38956
4760,"Drought","USA",8,2201435.39,35438
4763,"Landslide","USA",8,13786221.09,51387
4766,"Wildfire","Philippines",8,1757543.89,31965
4785,"Drought","Chile",8,10683622.68,47638
4790,"Volcanic Eruption","Chile",8,3490388.05,52196
4796,"Hurricane","India",8,3412061.04,32188
4800,"Drought","Indonesia",8,5143110.04,40195
4805,"Volcanic Eruption","Italy",8,6121403.39,41392
4816,"Drought","Chile",8,6208625.74,27698
4818,"Flood","Turkey",8,5542321.82,39099
4819,"Earthquake","USA",8,7656633.35,34238
4835,"Drought","Philippines",8,7811789.34,46076
4848,"Drought","India",8,12867560.06,57695
4850,"Drought","Turkey",8,3638256.77,29515
4852,"Wildfire","Chile",8,4217615.23,35480
4859,"Hurricane","Japan",8,3455919.87,37667
4864,"Hurricane","USA",8,9462819.2,37993
4884,"Landslide","Turkey",8,11382751.36,47738
4897,"Earthquake","Turkey",8,8742826.23,38026
4902,"Wildfire","Japan",8,2906226.25,28698
4915,"Landslide","Chile",8,10001267.7,34146
4921,"Hurricane","USA",8,3437153.55,35528
4927,"Drought","Italy",8,13602625.6,54651
4934,"Wildfire","USA",8,7716133.01,50232
4954,"Drought","Turkey",8,10879953.96,36973
4957,"Earthquake","Japan",8,11753062.47,43544
4964,"Earthquake","Chile",8,7379027.39,37435
4976,"Volcanic Eruption","Turkey",8,8547178.92,44711
4980,"Hurricane","India",8,4254151.97,35365
4993,"Earthquake","Philippines",8,5235176.29,32126
5002,"Volcanic Eruption","USA",8,11788183.79,48158
5005,"Earthquake","India",8,6610884.76,32209
5009,"Landslide","Italy",8,13135538.81,53327
5015,"Flood","Chile",8,12370557.38,50045
5025,"Earthquake","Chile",8,9483419.55,38736
5031,"Flood","Philippines",8,12960789.76,44186
5038,"Flood","USA",8,10319564.31,40597
5040,"Landslide","Italy",8,1649441.97,32981
5046,"Volcanic Eruption","Japan",8,6719896.07,32495
5052,"Landslide","Turkey",8,3354265.88,34384
5114,"Wildfire","India",8,8647450.53,32924
5137,"Volcanic Eruption","USA",8,5600381.22,42225
5142,"Landslide","Indonesia",8,5286156.01,30578
5143,"Volcanic Eruption","Turkey",8,7644727.77,25827
5152,"Volcanic Eruption","Japan",8,3418296.16,41350
5156,"Wildfire","Italy",8,5267209.02,26668
5162,"Flood","Philippines",8,14007747.78,55674
5172,"Drought","Turkey",8,5521606.98,34596
5184,"Hurricane","Chile",8,6191621.91,44401
5207,"Hurricane","Japan",8,4218661.72,37864
5229,"Flood","Turkey",8,9937165.13,40013
5245,"Volcanic Eruption","Chile",8,11778900.48,44028
5249,"Hurricane","Indonesia",8,2119466.06,23653
5252,"Hurricane","Chile",8,3156699.98,36021
5266,"Earthquake","Italy",8,4184128.53,35993
5273,"Flood","Italy",8,9556588.18,41192
5288,"Drought","Italy",8,11386502.86,42769
5295,"Landslide","Indonesia",8,7905845.89,44628
5300,"Wildfire","Chile",8,7446712.81,39008
5318,"Drought","Turkey",8,6867451.96,45123
5319,"Volcanic Eruption","India",8,6496497.69,49119
5331,"Landslide","Philippines",8,6514788.32,32614
5332,"Hurricane","USA",8,10926774.7,41237
5336,"Hurricane","Italy",8,5611671.16,35403
5345,"Hurricane","Japan",8,8858295.37,38944
5359,"Landslide","India",8,4700771.3,41534
5371,"Wildfire","USA",8,5430562.87,30787
5380,"Wildfire","India",8,8320936.86,47162
5388,"Volcanic Eruption","Philippines",8,3739418.97,47634
5399,"Wildfire","Japan",8,6388910.38,34409
5406,"Hurricane","USA",8,2979249.68,33200
5432,"Landslide","Indonesia",8,4677856.9,30621
5433,"Hurricane","Chile",8,7997402.89,33179
5435,"Volcanic Eruption","Chile",8,2061146.24,22919
5450,"Earthquake","Japan",8,8881314.02,39087
5456,"Flood","USA",8,6934419.26,37485
5460,"Earthquake","USA",8,4719551.75,43074
5470,"Wildfire","Indonesia",8,7703941.67,48283
5489,"Volcanic Eruption","Japan",8,7296365.52,33512
5490,"Drought","Chile",8,2739122.82,48605
5495,"Volcanic Eruption","India",8,6400633.16,32955
5504,"Wildfire","Chile",8,10419282.77,37939
5507,"Hurricane","Chile",8,8119485.4,48586
5510,"Hurricane","Japan",8,5208806.56,37756
5516,"Wildfire","USA",8,9843320.94,43998
5523,"Flood","Japan",8,7076539.29,24933
5524,"Drought","Japan",8,7115224.4,36694
5528,"Hurricane","India",8,2742622.88,45795
5535,"Flood","India",8,9288821.82,39336
5539,"Volcanic Eruption","Chile",8,8087385.26,39437
5570,"Landslide","Japan",8,6205380.35,47305
5594,"Hurricane","Chile",8,8321140.74,47415
5609,"Volcanic Eruption","India",8,11076182.49,43435
5612,"Earthquake","Indonesia",8,5155847.5,43503
5622,"Hurricane","Indonesia",8,3634475.05,29961
5626,"Hurricane","India",8,6106518.07,34806
5629,"Flood","Philippines",8,2740363.31,45363
5635,"Landslide","Italy",8,9150382.06,43585
5640,"Landslide","India",8,15638957.99,53013
5657,"Volcanic Eruption","USA",8,8917960.13,36492
5660,"Flood","Turkey",8,4831624.54,44805
5682,"Hurricane","USA",8,8569354.89,43262
5700,"Volcanic Eruption","India",8,10078495.48,45889
5705,"Drought","India",8,3643529.08,34180
5714,"Wildfire","India",8,11600693.45,45629
5725,"Earthquake","Philippines",8,10353705.28,36921
5733,"Volcanic Eruption","Japan",8,3822656.01,37603
5734,"Flood","Indonesia",8,2440494.21,21987
5737,"Flood","Philippines",8,2795521.79,25438
5744,"Landslide","Italy",8,6461262.25,31086
5751,"Hurricane","Italy",8,2548832.35,46201
5798,"Landslide","India",8,3523254.18,19265
5804,"Earthquake","Italy",8,11544396.01,51402
5808,"Hurricane","Indonesia",8,5079518.51,42502
5814,"Drought","Chile",8,6667763.31,45397
5817,"Landslide","Italy",8,4393143.15,48197
5819,"Earthquake","Italy",8,6002050.32,33612
5832,"Wildfire","India",8,3802714.18,42095
5843,"Drought","USA",8,4468550.52,18620
5846,"Landslide","Japan",8,13108657.04,51107
5847,"Landslide","Chile",8,7657085.29,49714
5855,"Landslide","Indonesia",8,3465765.65,35874
5857,"Wildfire","Indonesia",8,6205572.01,32041
5858,"Drought","Italy",8,5955696.92,37057
5866,"Drought","Chile",8,4415090.93,50635
5873,"Landslide","Japan",8,11165818.8,50587
5892,"Drought","Japan",8,4324255.38,45530
5906,"Drought","India",8,8981389.83,48579
5907,"Landslide","Chile",8,8521888.94,42515
5915,"Earthquake","Japan",8,10318343.35,38222
5927,"Volcanic Eruption","Turkey",8,7405528.66,45484
5933,"Landslide","Italy",8,14097079.65,49769
5935,"Wildfire","Indonesia",8,5101154.62,45638
5945,"Flood","Italy",8,5276173.89,39186
5962,"Hurricane","USA",8,9755323.26,40221
5979,"Wildfire","Chile",8,3376465.84,44027
5981,"Earthquake","India",8,11545421.54,39938
5985,"Hurricane","India",8,3618687.24,42625
5988,"Hurricane","USA",8,11797325.24,44856
5992,"Flood","USA",8,6773987.64,47712
6004,"Flood","Italy",8,8427789.82,34084
6005,"Drought","Indonesia",8,2938343.89,30596
6026,"Hurricane","Indonesia",8,3682218.69,31748
6042,"Earthquake","India",8,2922624.93,46350
6067,"Flood","Indonesia",8,6904508.25,31994
6072,"Drought","Indonesia",8,5564355.2,42420
6099,"Drought","Chile",8,3925696.75,25470
6111,"Drought","India",8,12998377.69,49279
6112,"Drought","Chile",8,7146686.72,35251
6113,"Flood","Philippines",8,11315504.88,40067
6114,"Landslide","Japan",8,4678529.32,46283
6115,"Drought","Italy",8,7527368.6,39292
6117,"Earthquake","Indonesia",8,1827556.71,34376
6148,"Landslide","Japan",8,3095835.83,40485
6149,"Drought","Italy",8,10663306.66,39218
6159,"Wildfire","Chile",8,8711209.34,34663
6170,"Earthquake","Italy",8,4818370.79,30990
6200,"Hurricane","Philippines",8,9561079.82,33819
6204,"Landslide","India",8,5240289.1,36301
6209,"Volcanic Eruption","Indonesia",8,12677559.57,46808
6216,"Landslide","Japan",8,4745554.68,37286
6221,"Earthquake","India",8,5530708.79,33289
6228,"Hurricane","India",8,10883785.09,44269
6231,"Volcanic Eruption","Japan",8,12374679.98,48952
6236,"Landslide","Chile",8,1502109.04,28867
6246,"Wildfire","Philippines",8,3543227.81,33457
6263,"Volcanic Eruption","Chile",8,6675975.48,38742
6276,"Wildfire","India",8,9207252.78,32598
6283,"Landslide","Indonesia",8,7366728.8,43712
6284,"Earthquake","Turkey",8,5897807.15,25583
6287,"Wildfire","Indonesia",8,8188957.3,39504
6290,"Volcanic Eruption","Turkey",8,3703101.75,36249
6296,"Wildfire","India",8,9606034.82,34871
6299,"Wildfire","Chile",8,4262033.17,31405
6301,"Landslide","Turkey",8,5902817.99,39822
6317,"Wildfire","USA",8,12566516.68,45254
6325,"Hurricane","India",8,12046583.52,44564
6336,"Earthquake","Philippines",8,5409666.95,49988
6339,"Flood","Chile",8,4917124.62,43230
6344,"Hurricane","Chile",8,4502140.57,46284
6363,"Earthquake","India",8,11207642.07,49231
6370,"Landslide","Turkey",8,10157538.02,34350
6376,"Hurricane","India",8,8753677.52,31725
6380,"Hurricane","Japan",8,5376883.18,39648
6393,"Drought","Italy",8,6208016.0,22813
6400,"Landslide","Turkey",8,12961989.13,45563
6412,"Flood","Turkey",8,5390480.89,31188
6426,"Earthquake","Chile",8,8459202.45,31580
6457,"Landslide","Chile",8,15420321.92,55065
6480,"Volcanic Eruption","USA",8,2934134.91,44166
6485,"Drought","Turkey",8,4440380.03,40788
6522,"Earthquake","Indonesia",8,6432228.07,31999
6534,"Volcanic Eruption","Turkey",8,1906171.12,27825
6537,"Volcanic Eruption","India",8,5047039.77,27185
6564,"Drought","Turkey",8,2074997.73,34410
6604,"Landslide","Philippines",8,7271398.26,36949
6609,"Earthquake","India",8,9291257.06,36859
6611,"Earthquake","Indonesia",8,8977330.08,30180
6616,"Volcanic Eruption","Indonesia",8,3540747.19,28930
6617,"Flood","Japan",8,6318883.66,49053
6620,"Earthquake","USA",8,9553385.27,38615
6622,"Hurricane","Turkey",8,3724548.34,39692
6623,"Volcanic Eruption","India",8,1732588.41,32299
6641,"Wildfire","India",8,6330601.99,37313
6653,"Landslide","Turkey",8,6631832.44,35451
6706,"Landslide","Turkey",8,5622062.66,34530
6709,"Wildfire","USA",8,10795729.18,48055
6713,"Drought","Italy",8,11844875.51,40123
6716,"Wildfire","Turkey",8,7074304.88,31162
6718,"Earthquake","Philippines",8,3985700.03,31377
6730,"Wildfire","Turkey",8,3961186.41,42239
6763,"Volcanic Eruption","Turkey",8,1576886.17,19923
6764,"Volcanic Eruption","Indonesia",8,7144487.23,38138
6776,"Drought","India",8,12733335.02,49702
6788,"Volcanic Eruption","Turkey",8,7363093.65,32598
6790,"Hurricane","Italy",8,4210295.58,42854
6801,"Earthquake","Italy",8,4932460.22,45817
6803,"Landslide","India",8,3276880.71,38865
6805,"Drought","Indonesia",8,3254175.26,35930
6818,"Hurricane","USA",8,5351224.81,42792
6822,"Earthquake","Chile",8,9092506.86,36955
6828,"Wildfire","Philippines",8,7125448.31,53361
6836,"Wildfire","Italy",8,4581114.06,37193
6851,"Drought","Chile",8,2482988.75,43942
6860,"Wildfire","USA",8,9402821.41,45906
6876,"Hurricane","Chile",8,5628883.48,33059
6878,"Hurricane","Turkey",8,1758310.78,20702
6884,"Volcanic Eruption","Indonesia",8,5081054.55,41776
6900,"Earthquake","Philippines",8,3315173.62,44744
6904,"Earthquake","Philippines",8,5228031.51,47338
6912,"Flood","Chile",8,6761781.8,36074
6935,"Earthquake","Chile",8,2460614.47,40152
6939,"Landslide","Indonesia",8,6420713.21,37708
6941,"Landslide","Italy",8,5791670.96,34956
6947,"Hurricane","Chile",8,9680927.82,41146
6954,"Landslide","Indonesia",8,2913479.34,38629
6965,"Wildfire","Turkey",8,9935663.31,36448
6976,"Earthquake","Italy",8,4208094.34,37475
6977,"Landslide","USA",8,11981466.14,50710
6978,"Earthquake","USA",8,8277243.99,57806
6993,"Volcanic Eruption","Japan",8,13999767.23,47252
6996,"Wildfire","Italy",8,2559254.75,46866
6997,"Landslide","Turkey",8,5668347.35,41178
7026,"Drought","Japan",8,5135001.89,33767
7030,"Volcanic Eruption","Japan",8,11308789.58,39599
7040,"Landslide","USA",8,11882791.66,40254
7050,"Drought","Chile",8,7097175.19,47653
7069,"Earthquake","Japan",8,7740944.39,45148
7079,"Landslide","USA",8,3390944.92,31226
7084,"Landslide","USA",8,2341432.35,28979
7085,"Drought","India",8,15315431.06,53421
7087,"Earthquake","Japan",8,6461427.42,50551
7089,"Drought","Indonesia",8,3254448.91,31915
7107,"Flood","Chile",8,10253656.49,40217
7131,"Drought","Chile",8,8303362.52,35522
7134,"Landslide","USA",8,11818513.48,47691
7135,"Volcanic Eruption","Japan",8,3775547.95,29433
7140,"Drought","Italy",8,10229170.49,34703
7145,"Hurricane","Chile",8,10614427.0,43601
7163,"Volcanic Eruption","Turkey",8,5066884.42,43942
7166,"Earthquake","Philippines",8,7047665.81,33090
7192,"Hurricane","Turkey",8,8762974.94,41291
7199,"Drought","Indonesia",8,4758193.84,29394
7204,"Volcanic Eruption","India",8,2691707.36,37818
7218,"Wildfire","Indonesia",8,3329052.25,42260
7248,"Hurricane","Philippines",8,2788999.9,31925
7250,"Landslide","Chile",8,6536315.36,39457
7270,"Drought","India",8,12381520.41,46857
7284,"Drought","Italy",8,6452727.58,48314
7291,"Landslide","Chile",8,2129292.96,26282
7294,"Volcanic Eruption","Italy",8,5111429.61,49404
7303,"Volcanic Eruption","India",8,2525564.97,39047
7323,"Volcanic Eruption","Chile",8,5814068.74,41829
7328,"Drought","Philippines",8,2563497.84,45611
7336,"Landslide","Chile",8,10354709.08,36717
7339,"Wildfire","Italy",8,7246640.11,52699
7344,"Volcanic Eruption","Chile",8,3841833.57,37664
7352,"Wildfire","Philippines",8,11080992.65,41056
7356,"Drought","Italy",8,2511582.63,34694
7357,"Earthquake","Indonesia",8,15972409.9,56176
7364,"Landslide","USA",8,5449236.19,32367
7395,"Hurricane","USA",8,6611134.98,25210
7406,"Flood","Italy",8,2511523.05,40214
7410,"Landslide","Japan",8,15262611.07,70278
7416,"Hurricane","Turkey",8,13612481.69,47008
7429,"Wildfire","Italy",8,8267705.77,47267
7435,"Drought","India",8,9313695.66,41718
7444,"Volcanic Eruption","Turkey",8,7633216.67,51532
7450,"Drought","Turkey",8,5249220.36,47856
7461,"Landslide","Philippines",8,10293691.93,54965
7467,"Landslide","Turkey",8,10402690.48,35748
7471,"Landslide","India",8,1920491.93,31177
7473,"Wildfire","Italy",8,6143630.15,28690
7480,"Flood","Indonesia",8,4746857.01,34075
7491,"Earthquake","Chile",8,7074802.45,38228
7495,"Landslide","Indonesia",8,5464963.2,41501
7514,"Hurricane","Japan",8,6522579.57,43814
7515,"Hurricane","Italy",8,3262956.48,12863
7517,"Drought","Indonesia",8,11599601.52,47726
7521,"Volcanic Eruption","Italy",8,5199407.0,62037
7541,"Volcanic Eruption","Turkey",8,9997672.37,41060
7598,"Drought","Japan",8,5132013.47,33056
7634,"Hurricane","Turkey",8,8502447.04,59686
7642,"Earthquake","India",8,6601714.69,49814
7643,"Wildfire","Turkey",8,4245211.94,40387
7649,"Volcanic Eruption","Japan",8,3590252.01,28327
7650,"Hurricane","Indonesia",8,8090878.86,38495
7652,"Landslide","Chile",8,7216823.69,37443
7685,"Drought","Italy",8,7444676.88,43180
7687,"Drought","Indonesia",8,10787442.84,43781
7695,"Landslide","Italy",8,8508609.93,42222
7709,"Earthquake","Japan",8,8378344.93,44693
7714,"Drought","Japan",8,3068740.14,38717
7720,"Flood","Philippines",8,4461798.14,37224
7721,"Volcanic Eruption","Philippines",8,9725396.38,48104
7722,"Wildfire","Chile",8,4596144.54,43940
7754,"Volcanic Eruption","India",8,13359287.8,45770
7767,"Drought","Indonesia",8,9112137.97,39857
7778,"Flood","Chile",8,11430072.24,49775
7779,"Drought","Turkey",8,11633102.28,42634
7789,"Wildfire","Chile",8,9536407.19,34354
7795,"Landslide","Chile",8,4463369.16,40642
7803,"Earthquake","Turkey",8,3496787.83,41596
7808,"Hurricane","Italy",8,6517414.3,29962
7842,"Hurricane","Italy",8,9443428.81,46470
7858,"Flood","Turkey",8,8222709.89,42386
7867,"Earthquake","Philippines",8,6405138.15,38312
7877,"Drought","Philippines",8,10977485.63,38467
7886,"Landslide","Italy",8,2360989.22,41191
7900,"Earthquake","USA",8,6114194.36,48303
7909,"Wildfire","India",8,3269419.62,35434
7910,"Drought","Turkey",8,12002400.11,45482
7921,"Hurricane","Italy",8,6800671.32,41400
7929,"Drought","Chile",8,2665987.19,45114
7934,"Drought","India",8,7863587.73,38747
7944,"Hurricane","India",8,3012340.0,41079
7956,"Volcanic Eruption","Chile",8,5142102.41,57503
7966,"Landslide","USA",8,3851360.58,26045
7985,"Drought","Philippines",8,4023993.56,31796
8010,"Wildfire","Japan",8,2297202.89,42590
8011,"Wildfire","Italy",8,2451395.61,25281
8015,"Volcanic Eruption","Japan",8,10886736.49,37993
8032,"Hurricane","Philippines",8,12706386.87,60180
8049,"Flood","USA",8,13427928.43,49901
8050,"Flood","Philippines",8,9320125.23,45439
8065,"Volcanic Eruption","Chile",8,11915094.36,40312
8077,"Flood","Chile",8,7606079.66,47441
8079,"Wildfire","India",8,6938053.41,47692
8085,"Drought","Philippines",8,6096386.13,34230
8089,"Hurricane","Indonesia",8,6401706.52,43198
8100,"Earthquake","India",8,12667084.2,50594
8110,"Wildfire","Turkey",8,11719189.58,39367
8114,"Wildfire","Japan",8,13926494.99,47148
8116,"Earthquake","Japan",8,2826337.83,32769
8118,"Earthquake","Chile",8,5981847.35,41618
8119,"Flood","USA",8,6273857.22,36095
8127,"Volcanic Eruption","Indonesia",8,15329584.44,64124
8134,"Hurricane","Philippines",8,7165239.83,36821
8153,"Volcanic Eruption","Indonesia",8,2273489.43,38954
8161,"Flood","Japan",8,11828101.75,45017
8190,"Hurricane","Japan",8,5502209.54,40132
8195,"Volcanic Eruption","Italy",8,13180384.16,48379
8218,"Drought","Turkey",8,6918064.81,34651
8227,"Volcanic Eruption","Italy",8,1356803.36,24327
8254,"Landslide","Japan",8,3812284.73,31152
8269,"Landslide","Japan",8,9116320.97,42372
8290,"Flood","Turkey",8,2932969.65,38659
8309,"Earthquake","Italy",8,1893347.6,26096
8325,"Volcanic Eruption","Chile",8,14527106.99,51964
8335,"Hurricane","Philippines",8,12828163.14,51574
8341,"Volcanic Eruption","USA",8,3238470.8,39220
8357,"Flood","Turkey",8,6079048.8,54621
8362,"Wildfire","Indonesia",8,4307803.69,30785
8378,"Earthquake","Chile",8,4031464.76,36493
8380,"Flood","India",8,5200120.17,52694
8385,"Landslide","Japan",8,10619535.28,47856
8394,"Earthquake","USA",8,6303306.06,39338
8422,"Volcanic Eruption","Turkey",8,10020371.29,44888
8437,"Landslide","Turkey",8,3612502.05,34538
8467,"Hurricane","Turkey",8,3308183.3,37733
8469,"Hurricane","India",8,9495524.67,33579
8475,"Drought","Indonesia",8,5057903.47,34546
8477,"Volcanic Eruption","USA",8,6299129.92,47270
8480,"Landslide","Turkey",8,6431135.95,35357
8483,"Wildfire","Italy",8,10416084.24,41864
8485,"Flood","Italy",8,5757364.28,32816
8492,"Hurricane","Philippines",8,4119200.91,22405
8515,"Volcanic Eruption","Italy",8,3102337.24,35283
8527,"Wildfire","Japan",8,6419628.86,44215
8540,"Wildfire","USA",8,13371820.85,45418
8545,"Drought","Japan",8,10679491.52,39283
8556,"Earthquake","Chile",8,7051090.85,36085
8568,"Landslide","Chile",8,11112598.12,38740
8573,"Landslide","Japan",8,2547634.9,23648
8580,"Wildfire","Philippines",8,9705369.15,40771
8592,"Flood","Turkey",8,7823394.74,41072
8602,"Landslide","Chile",8,11163963.74,43035
8608,"Hurricane","Indonesia",8,7877348.14,44336
8613,"Hurricane","Italy",8,3311031.28,38660
8618,"Volcanic Eruption","Chile",8,10821260.96,40378
8620,"Volcanic Eruption","Indonesia",8,1690915.17,31311
8621,"Flood","Japan",8,9579572.51,35598
8646,"Hurricane","Chile",8,4442607.05,42594
8662,"Earthquake","Chile",8,3493319.2,26001
8680,"Earthquake","USA",8,2433827.53,30995
8699,"Drought","Philippines",8,9867671.33,39387
8708,"Drought","Japan",8,6196321.22,45961
8719,"Hurricane","Indonesia",8,8953386.76,39299
8728,"Landslide","Indonesia",8,7429056.16,46852
8729,"Earthquake","India",8,5739705.21,40993
8734,"Landslide","Chile",8,5658278.16,38179
8746,"Hurricane","USA",8,5935181.54,52038
8765,"Earthquake","Italy",8,7410367.24,29612
8767,"Earthquake","USA",8,10172172.28,44463
8777,"Wildfire","Turkey",8,7528179.5,43168
8780,"Hurricane","Chile",8,6531375.79,49283
8789,"Earthquake","Turkey",8,5503362.6,43843
8801,"Wildfire","Italy",8,3655121.91,37780
8802,"Flood","Italy",8,5488745.32,41495
8804,"Flood","Turkey",8,2894981.95,29412
8810,"Landslide","Chile",8,6203258.81,47451
8812,"Volcanic Eruption","USA",8,10911039.35,49088
8821,"Wildfire","Chile",8,9178442.96,32163
8827,"Volcanic Eruption","Italy",8,4310747.23,47014
8834,"Flood","Japan",8,3812729.55,52373
8844,"Flood","USA",8,10053475.52,38410
8853,"Landslide","Philippines",8,2025136.73,26327
8862,"Volcanic Eruption","Turkey",8,6798796.63,45751
8880,"Wildfire","India",8,4763129.08,36535
8898,"Hurricane","Turkey",8,6115422.9,53351
8900,"Hurricane","Italy",8,8844356.21,40270
8902,"Hurricane","Turkey",8,7984250.49,39184
8905,"Landslide","USA",8,12995937.83,48494
8906,"Landslide","Turkey",8,12595117.87,42420
8930,"Flood","India",8,5541040.45,43518
8934,"Earthquake","India",8,11063528.24,38612
8946,"Earthquake","Indonesia",8,3566304.16,43009
8953,"Drought","Turkey",8,10786349.4,46559
8963,"Volcanic Eruption","India",8,2468106.62,42043
8964,"Flood","Italy",8,5102399.58,29366
8967,"Drought","Indonesia",8,11375189.93,49461
8968,"Drought","USA",8,9216000.54,47337
8976,"Volcanic Eruption","USA",8,10667619.53,35694
8979,"Landslide","Indonesia",8,5045481.69,33045
8990,"Earthquake","Japan",8,3358641.62,21539
9015,"Hurricane","USA",8,7395440.22,44657
9016,"Volcanic Eruption","USA",8,7550650.23,34989
9022,"Wildfire","Indonesia",8,12338012.9,41944
9027,"Hurricane","USA",8,10625393.52,43241
9043,"Hurricane","Japan",8,2960675.03,35701
9044,"Hurricane","Japan",8,4410002.49,36175
9045,"Flood","Indonesia",8,3481085.84,20839
9048,"Flood","Indonesia",8,11261781.62,42626
9053,"Drought","Turkey",8,8645858.09,31038
9063,"Wildfire","Philippines",8,10258258.8,43446
9066,"Earthquake","Chile",8,3431105.96,29716
9067,"Drought","Turkey",8,6115612.89,35458
9088,"Hurricane","Japan",8,3597134.29,35873
9093,"Earthquake","Chile",8,2285879.57,30116
9097,"Earthquake","USA",8,7934989.13,47547
9129,"Earthquake","USA",8,10508471.42,38267
9153,"Drought","Chile",8,2848867.6,33461
9156,"Volcanic Eruption","Indonesia",8,10291417.07,34981
9180,"Earthquake","Chile",8,6589632.55,54517
9195,"Drought","USA",8,10558940.19,51157
9200,"Volcanic Eruption","Indonesia",8,6159635.04,41918
9204,"Flood","Turkey",8,5033066.11,37562
9222,"Hurricane","India",8,7588428.29,45908
9223,"Wildfire","Chile",8,2514464.25,29362
9225,"Volcanic Eruption","Japan",8,6908633.8,45133
9230,"Flood","Indonesia",8,3571743.31,40846
9237,"Wildfire","Italy",8,4007633.26,54856
9242,"Landslide","Chile",8,11867932.4,46401
9246,"Hurricane","India",8,4602472.21,24920
9250,"Hurricane","India",8,6112314.81,27941
9263,"Flood","Philippines",8,8904101.16,48271
9267,"Hurricane","India",8,5382339.76,42007
9278,"Wildfire","Japan",8,2702443.53,31553
9280,"Earthquake","India",8,9692268.59,40564
9282,"Wildfire","Italy",8,2692878.11,32233
9286,"Volcanic Eruption","Philippines",8,8313181.62,46516
9295,"Landslide","Turkey",8,6698459.31,35633
9297,"Wildfire","Turkey",8,2723124.99,39839
9304,"Hurricane","Japan",8,2314071.83,43916
9306,"Landslide","Indonesia",8,4990190.8,30869
9309,"Drought","Chile",8,11617776.69,47107
9340,"Landslide","India",8,6257953.83,31212
9341,"Landslide","Chile",8,2492083.51,40072
9364,"Hurricane","Italy",8,6169621.59,47148
9390,"Hurricane","Turkey",8,8543190.68,32528
9417,"Drought","India",8,11267856.86,43666
9420,"Landslide","India",8,7845362.0,43603
9424,"Wildfire","Philippines",8,7048711.64,30946
9430,"Earthquake","Japan",8,4406164.66,37454
9433,"Earthquake","USA",8,7030288.39,36848
9445,"Volcanic Eruption","Japan",8,7367460.18,38840
9452,"Volcanic Eruption","Turkey",8,3601613.51,50529
9473,"Wildfire","Italy",8,2923965.76,36280
9479,"Landslide","India",8,4997661.67,41370
9484,"Drought","Italy",8,3239414.9,43096
9498,"Flood","Indonesia",8,6201199.19,33342
9539,"Earthquake","Japan",8,8206453.15,37477
9554,"Drought","Italy",8,2617959.82,31999
9555,"Drought","Indonesia",8,6305260.05,42389
9560,"Volcanic Eruption","Chile",8,7477151.19,30549
9568,"Wildfire","India",8,4081051.74,51794
9569,"Hurricane","Italy",8,9144857.69,41398
9573,"Earthquake","Philippines",8,3685506.59,37764
9592,"Volcanic Eruption","Turkey",8,5482146.99,36282
9593,"Earthquake","Philippines",8,8944021.76,39109
9597,"Landslide","Turkey",8,11925215.21,44040
9600,"Landslide","India",8,9832408.97,44751
9614,"Hurricane","India",8,5567655.52,38921
9617,"Volcanic Eruption","USA",8,3598909.2,36494
9628,"Earthquake","Turkey",8,10977447.2,54907
9629,"Volcanic Eruption","Turkey",8,7494925.39,39251
9635,"Volcanic Eruption","Indonesia",8,11825334.64,40577
9650,"Drought","Indonesia",8,3006151.63,40018
9666,"Flood","Indonesia",8,7830183.45,32194
9675,"Hurricane","Indonesia",8,13068889.3,49990
9688,"Volcanic Eruption","Philippines",8,12183318.68,47048
9692,"Wildfire","Chile",8,3974136.92,39438
9693,"Wildfire","Indonesia",8,3157026.22,48115
9695,"Flood","USA",8,4057928.09,30653
9711,"Wildfire","Indonesia",8,8799442.75,44610
9712,"Wildfire","Indonesia",8,6298010.79,41579
9719,"Hurricane","USA",8,7338689.54,28005
9745,"Earthquake","Indonesia",8,13124791.28,58547
9747,"Flood","India",8,10950686.51,40439
9757,"Landslide","Indonesia",8,3301784.17,35369
9759,"Flood","USA",8,9147558.84,42688
9761,"Drought","India",8,2405406.18,28157
9778,"Wildfire","Italy",8,5510021.85,31830
9798,"Earthquake","USA",8,2574223.22,37458
9812,"Earthquake","Indonesia",8,9801865.7,47130
9821,"Flood","India",8,7620587.33,39168
9832,"Flood","India",8,3854029.04,29794
9835,"Volcanic Eruption","Italy",8,6487492.07,42720
9856,"Landslide","Indonesia",8,4767166.84,30968
9861,"Wildfire","Italy",8,3008855.58,42093
9872,"Landslide","USA",8,8766192.62,52515
9878,"Wildfire","Japan",8,2040382.29,27845
9912,"Flood","Philippines",8,6588608.66,37338
9922,"Hurricane","Turkey",8,8541819.63,44878
9926,"Volcanic Eruption","India",8,8497313.05,28602
9932,"Hurricane","USA",8,4628852.92,38374
9949,"Volcanic Eruption","India",8,12338652.27,46270
9953,"Flood","Japan",8,11331582.11,44916
9954,"Wildfire","Indonesia",8,5926714.16,35757
9958,"Hurricane","Chile",8,2426376.94,43581
9972,"Wildfire","USA",8,4500327.59,32183
9974,"Wildfire","India",8,4190364.44,32942
9978,"Earthquake","Philippines",8,9714239.28,35954
9984,"Volcanic Eruption","Turkey",8,3052719.04,42656
9989,"Landslide","Italy",8,10549385.61,46228
10001,"Earthquake","Japan",8,8152402.01,50603
10013,"Landslide","Japan",8,5937415.32,20153
10029,"Earthquake","Turkey",8,11833103.66,44481
10034,"Drought","Turkey",8,1451497.48,20499
10035,"Wildfire","USA",8,12167158.08,46131
10036,"Hurricane","India",8,8617706.35,32973
10042,"Volcanic Eruption","Chile",8,4846299.04,37818
10043,"Earthquake","Turkey",8,2284625.69,43415
10044,"Wildfire","Turkey",8,5956269.45,41909
10053,"Landslide","India",8,8902715.36,39299
10090,"Wildfire","Chile",8,3544440.65,30710
10093,"Flood","Japan",8,2110468.16,40016
10099,"Wildfire","India",8,8224780.23,31458
10106,"Wildfire","USA",8,4965851.19,44329
10108,"Landslide","USA",8,5084464.35,45416
10110,"Wildfire","Philippines",8,6601605.98,27708
10119,"Wildfire","Philippines",8,9187494.77,33633
10121,"Wildfire","India",8,7321632.0,36890
10133,"Drought","USA",8,2925606.56,48661
10144,"Drought","Italy",8,11950770.47,48075
10167,"Hurricane","Turkey",8,6638774.25,48072
10169,"Landslide","India",8,4214503.45,31905
10177,"Earthquake","Turkey",8,5380253.58,26280
10179,"Hurricane","Japan",8,4413953.59,31614
10186,"Earthquake","India",8,12061008.61,45486
10191,"Earthquake","Chile",8,8511451.2,44166
10192,"Wildfire","India",8,3493625.52,30005
10195,"Landslide","USA",8,7048241.07,26040
10217,"Hurricane","Turkey",8,12078258.36,43673
10223,"Earthquake","Turkey",8,5534920.33,27067
10246,"Drought","Italy",8,2189071.15,40072
10254,"Drought","Philippines",8,3751306.6,46691
10277,"Hurricane","Italy",8,10098720.63,39206
10291,"Wildfire","Italy",8,3710944.28,46568
10297,"Landslide","Indonesia",8,10522506.9,43997
10302,"Wildfire","USA",8,9853281.58,38300
10303,"Earthquake","Chile",8,7039976.28,39388
10307,"Flood","India",8,2205455.63,39011
10349,"Earthquake","Japan",8,2637199.11,35243
10360,"Earthquake","Indonesia",8,9469265.2,42158
10368,"Flood","Japan",8,4541130.2,35128
10372,"Drought","Turkey",8,7868013.71,35927
10384,"Flood","Japan",8,8074449.31,44348
10395,"Volcanic Eruption","Indonesia",8,2240441.06,41039
10408,"Landslide","Indonesia",8,5384147.26,30751
10428,"Landslide","USA",8,3444688.8,33015
10430,"Hurricane","India",8,5843325.26,48583
10431,"Earthquake","Italy",8,9286089.51,47581
10433,"Landslide","Japan",8,9497109.83,62950
10440,"Wildfire","Chile",8,12297718.05,43641
10444,"Earthquake","Turkey",8,2503218.97,36476
10472,"Wildfire","Turkey",8,5321180.42,35267
10477,"Earthquake","Turkey",8,11947652.13,42274
10488,"Hurricane","Turkey",8,7651216.21,49495
10489,"Flood","Indonesia",8,4026067.78,28856
10493,"Volcanic Eruption","Philippines",8,13317014.84,48249
10497,"Volcanic Eruption","USA",8,3111186.87,31643
10506,"Landslide","Chile",8,9827173.07,52720
10533,"Landslide","Indonesia",8,14905039.32,49723
10551,"Flood","Italy",8,7075706.0,38891
10556,"Drought","Japan",8,6147493.37,42623
10574,"Volcanic Eruption","Chile",8,9001296.88,30198
10577,"Drought","Italy",8,3253033.81,39671
10584,"Earthquake","Philippines",8,5950250.44,45574
10587,"Drought","Japan",8,10422981.99,54406
10588,"Drought","Japan",8,6402286.56,40823
10598,"Flood","USA",8,11401644.69,43240
10605,"Flood","Indonesia",8,10426451.89,41985
10611,"Wildfire","Chile",8,6698215.84,57852
10615,"Wildfire","Japan",8,6726786.77,32179
10620,"Volcanic Eruption","USA",8,10234996.65,37325
10623,"Volcanic Eruption","Japan",8,7303004.42,44903
10626,"Earthquake","Chile",8,5574106.94,34729
10636,"Landslide","Italy",8,5920722.15,47127
10641,"Earthquake","Indonesia",8,6736291.28,42757
10642,"Earthquake","USA",8,12408682.46,42901
10664,"Flood","Japan",8,7005157.36,44147
10667,"Landslide","India",8,5291531.91,34735
10674,"Landslide","USA",8,16651787.66,56131
10680,"Volcanic Eruption","Italy",8,8266308.73,53237
10706,"Landslide","Turkey",8,4247957.0,32720
10709,"Volcanic Eruption","Japan",8,3211857.67,29842
10737,"Hurricane","Italy",8,10891801.99,41018
10741,"Wildfire","Indonesia",8,4971616.59,31093
10756,"Earthquake","Turkey",8,6516297.15,35675
10777,"Volcanic Eruption","Indonesia",8,11920752.65,48286
10780,"Volcanic Eruption","Indonesia",8,10809939.58,38750
10790,"Wildfire","Chile",8,4385502.49,24526
10796,"Flood","Turkey",8,5146535.47,39599
10800,"Wildfire","Chile",8,2919743.31,40941
10803,"Earthquake","Japan",8,5671723.36,32606
10804,"Wildfire","Italy",8,3656594.79,35350
10806,"Earthquake","Philippines",8,12367112.51,47025
10807,"Flood","USA",8,12167756.69,49360
10830,"Flood","Philippines",8,11230358.76,47790
10836,"Landslide","Indonesia",8,6596766.78,31524
10837,"Earthquake","Japan",8,3020161.78,33066
10840,"Drought","Italy",8,4937919.84,35591
10853,"Landslide","Indonesia",8,4687991.35,36108
10854,"Landslide","Turkey",8,5530477.41,41365
10863,"Landslide","India",8,11499069.98,44831
10889,"Landslide","Turkey",8,8744500.4,31287
10891,"Earthquake","Italy",8,4629638.63,48717
10898,"Volcanic Eruption","USA",8,4304461.21,44887
10906,"Wildfire","Indonesia",8,4222339.15,33342
10916,"Hurricane","Philippines",8,4932813.28,35133
10921,"Drought","USA",8,9553454.45,42730
10933,"Drought","Italy",8,9543247.56,45314
10974,"Hurricane","USA",8,2438704.6,29601
10994,"Hurricane","India",8,10029299.98,37064
10998,"Landslide","Philippines",8,8282773.72,35581
11003,"Wildfire","USA",8,2688896.34,29623
11022,"Earthquake","Philippines",8,5739713.16,31547
11027,"Earthquake","Indonesia",8,10779134.31,43657
11030,"Landslide","India",8,8233196.44,36758
11033,"Earthquake","Philippines",8,6341163.97,27009
11041,"Flood","Philippines",8,6995746.44,30736
11050,"Flood","Chile",8,13314101.56,46107
11076,"Earthquake","Turkey",8,5521180.5,41064
11079,"Landslide","Italy",8,7260458.28,27929
11086,"Drought","Indonesia",8,12103537.14,45577
11113,"Volcanic Eruption","Indonesia",8,5267137.05,38427
11115,"Landslide","Chile",8,11022242.34,41194
11119,"Earthquake","Turkey",8,11622098.42,42244
11123,"Drought","USA",8,8348457.52,45624
11128,"Volcanic Eruption","India",8,9075777.87,30910
11138,"Hurricane","Philippines",8,4013173.93,25926
11184,"Wildfire","Turkey",8,2099063.91,38058
11189,"Drought","USA",8,6971566.34,35409
11210,"Earthquake","USA",8,6305790.75,38743
11233,"Hurricane","Chile",8,8378906.92,33339
11239,"Wildfire","India",8,6554736.26,47311
11245,"Drought","USA",8,7786122.59,34053
11249,"Flood","Italy",8,10037154.06,42022
11254,"Wildfire","India",8,5007124.88,34353
11263,"Flood","USA",8,4325092.68,40461
11278,"Drought","Philippines",8,9686205.72,41749
11281,"Volcanic Eruption","Philippines",8,6144884.71,34339
11288,"Hurricane","India",8,8648678.14,39365
11290,"Wildfire","Indonesia",8,9906857.28,45302
11300,"Volcanic Eruption","India",8,3917813.86,27648
11315,"Drought","Indonesia",8,8602969.75,44466
11322,"Hurricane","Philippines",8,10940596.26,45126
11328,"Hurricane","Philippines",8,6531752.35,34725
11329,"Flood","India",8,6177741.46,35287
11330,"Volcanic Eruption","Italy",8,6074609.53,50612
11337,"Flood","Indonesia",8,12202797.03,52858
11352,"Wildfire","India",8,2924074.18,52012
11361,"Drought","Japan",8,4883490.51,34254
11365,"Drought","Indonesia",8,3360081.72,42020
11367,"Drought","Philippines",8,4063381.57,51806
11374,"Hurricane","Turkey",8,7459324.58,37314
11375,"Flood","Italy",8,12651666.27,49524
11390,"Hurricane","Philippines",8,11862260.55,48883
11400,"Hurricane","Japan",8,10271910.54,51259
11410,"Wildfire","Chile",8,3958045.41,32402
11447,"Drought","Indonesia",8,7634390.85,40602
11462,"Drought","Turkey",8,5797095.76,50096
11467,"Hurricane","Japan",8,9888310.64,54629
11500,"Drought","Italy",8,9582684.25,36352
11502,"Volcanic Eruption","USA",8,4460340.6,23871
11505,"Hurricane","USA",8,9296901.3,39291
11513,"Flood","Italy",8,5873842.04,48988
11515,"Earthquake","Philippines",8,12307194.34,47993
11536,"Landslide","Philippines",8,2347185.02,39963
11537,"Volcanic Eruption","Turkey",8,9578616.39,36422
11538,"Landslide","Indonesia",8,4379236.57,30171
11543,"Drought","Italy",8,8996043.88,53402
11559,"Drought","India",8,9995529.95,43391
11566,"Flood","Chile",8,9286173.81,43821
11568,"Volcanic Eruption","Japan",8,8774600.04,33871
11578,"Drought","Japan",8,2244421.62,31428
11591,"Flood","Italy",8,7220876.89,37626
11593,"Drought","Chile",8,10205799.18,45614
11602,"Hurricane","Indonesia",8,11186303.49,38632
11608,"Wildfire","Turkey",8,1877351.04,30034
11625,"Landslide","India",8,6649047.77,26634
11628,"Landslide","India",8,3347233.12,39752
11678,"Hurricane","Turkey",8,8786593.94,31103
11689,"Drought","Chile",8,4474059.9,56819
11690,"Drought","USA",8,10535577.21,44521
11699,"Flood","Indonesia",8,7084919.2,39958
11704,"Flood","USA",8,4091271.4,37347
11707,"Wildfire","Japan",8,8580465.26,36963
11718,"Drought","Turkey",8,4306148.68,39574
11721,"Landslide","Philippines",8,14836326.37,52942
11724,"Landslide","Chile",8,13847145.84,50739
11747,"Hurricane","Philippines",8,2356820.65,37405
11752,"Landslide","Turkey",8,4082506.36,34507
11766,"Earthquake","Indonesia",8,6674058.31,47761
11767,"Drought","Turkey",8,14278030.87,48835
11779,"Volcanic Eruption","Indonesia",8,5479300.2,28377
11786,"Volcanic Eruption","USA",8,13343047.19,55008
11802,"Drought","Japan",8,4675071.28,36219
11810,"Volcanic Eruption","Chile",8,1682122.04,31869
11837,"Volcanic Eruption","India",8,8623368.44,29937
11847,"Volcanic Eruption","Japan",8,10460715.6,43588
11851,"Hurricane","Italy",8,4442316.19,28325
11866,"Hurricane","Chile",8,4903084.94,36323
11871,"Wildfire","India",8,9124230.94,45424
11875,"Volcanic Eruption","India",8,12387904.77,41669
11878,"Earthquake","Turkey",8,4136233.44,45707
11909,"Landslide","Japan",8,11839452.08,49460
11913,"Hurricane","Italy",8,7563935.42,36537
11914,"Earthquake","Chile",8,4822124.83,33042
11920,"Earthquake","Philippines",8,2800564.47,39894
11941,"Earthquake","Indonesia",8,4039400.08,34054
11942,"Flood","Chile",8,7636347.94,43067
11943,"Flood","Japan",8,7940888.72,52136
11950,"Wildfire","Philippines",8,2875626.02,56419
11953,"Drought","Indonesia",8,6424375.56,40418
11993,"Wildfire","Philippines",8,2023020.4,38797
11998,"Volcanic Eruption","India",8,10116354.87,35735
11999,"Wildfire","Italy",8,9140223.26,42743
12002,"Landslide","Japan",8,3324480.06,51353
12004,"Volcanic Eruption","India",8,3680667.52,44059
12014,"Earthquake","India",8,9892247.46,38725
12025,"Flood","India",8,7523342.59,32999
12048,"Drought","Italy",8,7481567.38,49293
12061,"Drought","India",8,9528064.39,32000
12073,"Landslide","Japan",8,8877458.46,32214
12080,"Flood","Philippines",8,7579261.66,38093
12082,"Flood","USA",8,10696609.32,46647
12103,"Volcanic Eruption","Japan",8,4843823.63,46865
12107,"Wildfire","Philippines",8,2625732.32,34164
12123,"Wildfire","USA",8,4691745.02,38840
12126,"Wildfire","Italy",8,9833844.16,50567
12148,"Hurricane","Indonesia",8,4683628.38,45451
12153,"Wildfire","Japan",8,8805675.45,42845
12162,"Flood","USA",8,12872224.94,52305
12164,"Landslide","Indonesia",8,6342001.99,47981
12177,"Landslide","Chile",8,6509919.66,27371
12192,"Hurricane","India",8,8727487.08,34537
12205,"Volcanic Eruption","Italy",8,3445743.12,41277
12213,"Flood","Chile",8,10816670.33,49600
12214,"Hurricane","Italy",8,5870321.32,27452
12220,"Landslide","USA",8,7699616.33,26483
12262,"Earthquake","Turkey",8,7659523.36,51206
12263,"Landslide","Italy",8,3829496.41,51397
12287,"Volcanic Eruption","Indonesia",8,4557104.15,37366
12293,"Landslide","India",8,1730817.96,26545
12301,"Volcanic Eruption","Philippines",8,2007342.22,38645
12303,"Wildfire","Philippines",8,3344332.14,47005
12309,"Hurricane","Indonesia",8,10166861.25,39763
12322,"Wildfire","Philippines",8,7812231.39,52437
12325,"Hurricane","Indonesia",8,6659668.31,48066
12330,"Drought","Turkey",8,10372922.18,55214
12335,"Earthquake","Philippines",8,4827358.41,29517
12346,"Flood","India",8,3342070.87,46633
12351,"Drought","Italy",8,7127435.41,44349
12354,"Landslide","Turkey",8,3911620.84,44376
12363,"Hurricane","Philippines",8,4561060.07,33318
12374,"Landslide","India",8,10369167.05,52523
12403,"Wildfire","Japan",8,10052039.99,46633
12415,"Landslide","India",8,4468826.78,26010
12424,"Drought","Japan",8,2599488.02,31041
12428,"Landslide","Chile",8,8240040.93,33756
12458,"Earthquake","Turkey",8,7236641.59,32645
12459,"Wildfire","Chile",8,10456199.99,40712
12463,"Wildfire","USA",8,6836758.12,50460
12473,"Flood","Indonesia",8,7251908.91,50240
12474,"Hurricane","Indonesia",8,5350378.75,28862
12483,"Drought","Philippines",8,1157043.48,21083
12487,"Flood","USA",8,6087204.81,30351
12488,"Flood","Italy",8,2423955.86,36094
12490,"Wildfire","Japan",8,5976018.25,44762
12497,"Earthquake","Italy",8,4679499.11,48298
12498,"Volcanic Eruption","Indonesia",8,6228879.98,44836
12506,"Landslide","Italy",8,6757216.5,31622
12512,"Earthquake","Indonesia",8,4012245.63,34924
12520,"Earthquake","Turkey",8,5401309.33,42657
12527,"Flood","India",8,4000074.89,39508
12533,"Volcanic Eruption","USA",8,3805722.39,44640
12561,"Earthquake","Chile",8,7363052.72,36178
12568,"Flood","USA",8,1204401.5,16760
12584,"Earthquake","Philippines",8,10067133.17,37552
12590,"Wildfire","Turkey",8,5187976.92,27817
12591,"Hurricane","Turkey",8,6539210.52,33181
12592,"Hurricane","India",8,1750429.39,31463
12604,"Volcanic Eruption","Italy",8,2919509.52,30824
12606,"Wildfire","Indonesia",8,5126935.37,37028
12610,"Drought","Japan",8,3199335.35,56683
12652,"Flood","India",8,7452663.89,45460
12658,"Flood","Italy",8,4129191.4,30506
12678,"Wildfire","India",8,11938839.64,47559
12680,"Volcanic Eruption","Indonesia",8,9971880.31,33499
12687,"Drought","Indonesia",8,7577042.94,27990
12707,"Landslide","India",8,13508076.49,47476
12714,"Hurricane","Chile",8,3802249.31,34962
12729,"Flood","Indonesia",8,8876266.0,36451
12760,"Wildfire","Philippines",8,4507697.67,46152
12780,"Volcanic Eruption","Italy",8,11504653.76,41837
12823,"Wildfire","Turkey",8,1467226.72,20785
12838,"Wildfire","Japan",8,4157393.86,39630
12843,"Volcanic Eruption","USA",8,8098713.59,47581
12846,"Earthquake","Indonesia",8,12557043.74,50154
12867,"Drought","Indonesia",8,7189524.81,31576
12871,"Landslide","Japan",8,9969853.59,43352
12872,"Volcanic Eruption","Indonesia",8,4477232.72,38676
12879,"Earthquake","Italy",8,8171433.87,41248
12898,"Wildfire","India",8,9803523.9,43609
12910,"Flood","Philippines",8,3782426.28,35521
12919,"Earthquake","Philippines",8,2101206.02,34961
12921,"Landslide","Turkey",8,10784400.36,45008
12938,"Hurricane","Turkey",8,3097897.62,23877
12939,"Drought","Chile",8,4734517.24,34260
12949,"Drought","Chile",8,11263123.5,53845
12964,"Drought","Indonesia",8,4319854.77,46217
12965,"Volcanic Eruption","India",8,5008575.53,34077
12967,"Landslide","Philippines",8,4581731.96,29603
12968,"Drought","Chile",8,10335993.81,36542
12976,"Landslide","Turkey",8,6091246.12,37415
12979,"Flood","Indonesia",8,10559538.71,42089
12986,"Flood","India",8,8178260.18,43434
12999,"Landslide","India",8,9064015.0,49888
13012,"Earthquake","Japan",8,9586329.71,57910
13043,"Wildfire","Italy",8,12814226.21,52012
13078,"Volcanic Eruption","Indonesia",8,3641845.09,47137
13098,"Earthquake","Japan",8,8376737.55,37474
13106,"Earthquake","India",8,8635550.88,55444
13117,"Volcanic Eruption","Turkey",8,4940028.13,19414
13120,"Earthquake","Chile",8,9575715.08,50069
13122,"Hurricane","Italy",8,3165630.35,36835
13143,"Drought","India",8,7518706.9,38202
13171,"Hurricane","Chile",8,10333030.1,39017
13172,"Wildfire","Italy",8,2602044.52,32119
13184,"Volcanic Eruption","Chile",8,5991432.47,40748
13186,"Drought","India",8,6507102.85,44392
13190,"Volcanic Eruption","Italy",8,6523953.78,45865
13192,"Hurricane","India",8,11748309.68,40197
13196,"Volcanic Eruption","Turkey",8,7682937.78,31077
13198,"Drought","Japan",8,2708525.35,36536
13208,"Wildfire","India",8,10825017.65,39578
13237,"Volcanic Eruption","Japan",8,7906843.03,53572
13240,"Volcanic Eruption","Chile",8,14381827.19,50214
13245,"Earthquake","Italy",8,3189698.77,36588
13255,"Volcanic Eruption","USA",8,1213054.56,21199
13261,"Drought","Indonesia",8,4960425.1,42224
13264,"Flood","Italy",8,3261488.68,40142
13271,"Hurricane","Indonesia",8,6656911.64,30316
13295,"Volcanic Eruption","Japan",8,2369633.94,45859
13305,"Wildfire","Chile",8,7714458.77,34375
13307,"Earthquake","Philippines",8,6324323.96,47286
13324,"Hurricane","Chile",8,11722887.05,40120
13325,"Flood","Turkey",8,7467814.1,43753
13338,"Earthquake","USA",8,6982879.97,39000
13341,"Landslide","India",8,13147274.68,55733
13343,"Hurricane","Indonesia",8,9356893.1,42671
13351,"Volcanic Eruption","Japan",8,8272779.36,59567
13353,"Drought","Chile",8,3670860.47,28276
13358,"Earthquake","Turkey",8,4950831.08,47631
13359,"Earthquake","USA",8,10564780.21,49070
13368,"Flood","Philippines",8,9474948.18,38041
13375,"Wildfire","Italy",8,3357349.56,33994
13380,"Landslide","India",8,8030036.15,42577
13383,"Flood","Chile",8,6414519.16,39730
13404,"Wildfire","USA",8,3917424.61,48946
13408,"Volcanic Eruption","Turkey",8,5316907.46,32900
13415,"Hurricane","USA",8,6973743.44,45005
13424,"Volcanic Eruption","Italy",8,7921833.25,46477
13436,"Flood","Japan",8,11431075.14,47032
13444,"Volcanic Eruption","Chile",8,5348614.51,49063
13456,"Drought","Philippines",8,3938011.41,35225
13485,"Hurricane","USA",8,8478031.08,37649
13488,"Flood","Philippines",8,9250551.21,37763
13495,"Hurricane","India",8,6569534.61,30056
13510,"Wildfire","Turkey",8,8431545.15,35824
13549,"Drought","Chile",8,13187643.19,48456
13555,"Flood","Turkey",8,11064463.33,38725
13558,"Drought","Turkey",8,3930284.95,40306
13572,"Earthquake","Italy",8,8394225.62,44273
13586,"Landslide","Italy",8,11374697.39,39066
13600,"Drought","Japan",8,9180082.01,40418
13611,"Volcanic Eruption","Turkey",8,3102318.05,35859
13629,"Wildfire","USA",8,13397310.71,46921
13644,"Drought","Italy",8,8363034.05,40656
13645,"Hurricane","USA",8,2225616.13,32736
13675,"Wildfire","USA",8,2332287.65,25436
13681,"Drought","Philippines",8,4875034.63,40353
13691,"Flood","Indonesia",8,11144960.36,40802
13699,"Wildfire","Japan",8,3426641.39,31267
13719,"Drought","Japan",8,2302129.68,39539
13725,"Earthquake","India",8,4314405.03,45528
13726,"Landslide","Chile",8,11357574.52,42842
13766,"Volcanic Eruption","Japan",8,8095637.92,39529
13777,"Volcanic Eruption","Indonesia",8,2591163.95,44061
13790,"Earthquake","Italy",8,9390067.53,42063
13799,"Drought","USA",8,9446607.82,45137
13803,"Volcanic Eruption","Indonesia",8,6220541.65,31490
13806,"Volcanic Eruption","Chile",8,4264552.58,20113
13833,"Flood","India",8,3770945.13,32599
13842,"Wildfire","Philippines",8,9048447.53,51195
13853,"Wildfire","Japan",8,9709024.96,39360
13859,"Drought","India",8,6853772.9,36267
13894,"Volcanic Eruption","Japan",8,3242947.62,49871
13903,"Volcanic Eruption","Turkey",8,13234102.03,48109
13909,"Volcanic Eruption","Indonesia",8,3423169.06,45689
13913,"Earthquake","Turkey",8,6250953.48,43701
13916,"Landslide","Chile",8,6110919.14,33413
13917,"Drought","Indonesia",8,8531999.16,35686
13921,"Flood","India",8,7291393.49,45471
13926,"Wildfire","Philippines",8,3665292.91,26306
13931,"Wildfire","Philippines",8,4995574.43,40500
13946,"Hurricane","Italy",8,11440057.77,39812
13972,"Drought","India",8,3638377.4,32366
13973,"Volcanic Eruption","USA",8,2291396.33,33308
13979,"Earthquake","Turkey",8,2383304.17,44016
13984,"Earthquake","Philippines",8,2309900.84,45003
13997,"Wildfire","India",8,13423600.58,45863
14012,"Hurricane","Chile",8,4451632.89,59034
14033,"Drought","India",8,9937388.54,43654
14035,"Flood","India",8,8134379.06,46084
14039,"Volcanic Eruption","Turkey",8,8850012.05,34133
14058,"Flood","India",8,5013954.0,30544
14062,"Drought","India",8,8577970.83,34055
14064,"Hurricane","USA",8,7978036.6,43765
14067,"Drought","Chile",8,12249355.23,41324
14078,"Landslide","Indonesia",8,3479625.82,37510
14102,"Hurricane","Chile",8,9592966.87,51781
14120,"Landslide","Philippines",8,7171019.25,41241
14131,"Flood","Japan",8,4463186.87,48655
14137,"Wildfire","Chile",8,12296647.49,41369
14141,"Earthquake","Italy",8,1818314.18,35927
14150,"Flood","USA",8,3732980.82,47454
14153,"Drought","Italy",8,11003485.32,46993
14163,"Landslide","Chile",8,2645340.25,33325
14172,"Earthquake","Philippines",8,2111804.67,41376
14177,"Drought","Chile",8,4843794.69,33304
14179,"Drought","Chile",8,6148905.47,35220
14204,"Drought","Italy",8,12371734.22,41897
14227,"Earthquake","Turkey",8,6697342.92,39014
14230,"Wildfire","Chile",8,3675333.44,54748
14273,"Drought","India",8,5520256.32,43481
14278,"Volcanic Eruption","Chile",8,6691013.87,36898
14279,"Flood","Philippines",8,4363110.54,34684
14304,"Flood","India",8,8989913.16,35310
14310,"Landslide","India",8,2111999.44,33607
14329,"Wildfire","Italy",8,3250167.41,55026
14341,"Landslide","Japan",8,3284344.66,40149
14344,"Landslide","Philippines",8,4556166.68,52477
14349,"Flood","India",8,7179987.28,34178
14371,"Drought","India",8,4687952.8,42192
14372,"Earthquake","Indonesia",8,5559309.82,26367
14373,"Earthquake","Turkey",8,7615869.3,28418
14409,"Flood","Philippines",8,5490849.28,37415
14417,"Wildfire","USA",8,5334714.92,40153
14425,"Flood","Italy",8,4208005.61,37632
14428,"Drought","Indonesia",8,2317124.71,36064
14451,"Drought","Indonesia",8,2866398.45,40335
14462,"Landslide","Japan",8,7396944.69,37857
14466,"Volcanic Eruption","Chile",8,8936803.67,32844
14508,"Earthquake","India",8,6542488.58,28699
14515,"Wildfire","Turkey",8,8182491.67,49834
14526,"Landslide","India",8,3522821.4,25244
14528,"Drought","Philippines",8,2354229.33,37119
14583,"Flood","Italy",8,7660639.7,54333
14594,"Earthquake","USA",8,5854308.5,39511
14600,"Volcanic Eruption","USA",8,9065595.42,34651
14604,"Hurricane","India",8,1278952.32,18674
14614,"Landslide","India",8,7107437.12,29080
14619,"Hurricane","Japan",8,9472816.25,47947
14640,"Earthquake","Chile",8,7211990.59,25099
14656,"Hurricane","Indonesia",8,9013801.22,39983
14662,"Drought","Turkey",8,4433912.02,55652
14673,"Landslide","Chile",8,6288402.91,48591
14678,"Hurricane","Philippines",8,8122146.25,43536
14679,"Hurricane","Italy",8,8311056.41,44099
14693,"Earthquake","USA",8,6976155.78,51409
14704,"Wildfire","Turkey",8,10209122.96,39684
14709,"Earthquake","USA",8,10472113.94,37544
14718,"Hurricane","Philippines",8,2197239.18,34676
14727,"Earthquake","Chile",8,11548206.28,49437
14728,"Earthquake","Japan",8,5377288.77,31530
14735,"Hurricane","India",8,6025465.76,40644
14745,"Wildfire","Philippines",8,5922906.16,33219
14750,"Landslide","Turkey",8,9478067.06,41109
14760,"Flood","India",8,9358719.26,40548
14765,"Flood","Chile",8,5123243.18,54350
14785,"Hurricane","USA",8,13169717.66,43990
14787,"Landslide","Philippines",8,4856837.15,35088
14789,"Earthquake","Japan",8,6537873.68,36155
14802,"Flood","Italy",8,10237584.8,44622
14813,"Hurricane","Indonesia",8,11513260.26,46182
14833,"Drought","Philippines",8,5070581.98,24812
14837,"Earthquake","Japan",8,10182732.63,52032
14853,"Drought","USA",8,6554037.97,30400
14856,"Flood","Turkey",8,13311571.49,48864
14859,"Volcanic Eruption","Philippines",8,3107906.5,37642
14867,"Wildfire","Japan",8,7742352.75,38370
14889,"Wildfire","Indonesia",8,3420254.46,39455
14893,"Hurricane","Chile",8,11566630.56,43320
14904,"Earthquake","Philippines",8,6324559.66,38804
14911,"Flood","Japan",8,11648927.99,41064
14945,"Flood","Italy",8,9505326.58,36035
14959,"Hurricane","USA",8,4586325.68,34813
14989,"Drought","Philippines",8,5126483.64,36258
14991,"Earthquake","Japan",8,4789663.84,38254
15018,"Wildfire","Japan",8,3937628.77,44807
15039,"Drought","India",8,7679100.35,32491
15045,"Earthquake","Japan",8,6827098.13,39043
15068,"Earthquake","Japan",8,5010832.31,34257
15069,"Wildfire","Italy",8,7745680.38,53150
15114,"Hurricane","Italy",8,4725986.67,36557
15116,"Landslide","Philippines",8,4588276.25,42739
15127,"Volcanic Eruption","Chile",8,6344230.64,44649
15141,"Landslide","Chile",8,4196306.56,37204
15159,"Drought","Japan",8,4508695.89,34075
15170,"Drought","Philippines",8,10692399.0,52189
15179,"Earthquake","Chile",8,9376652.7,31956
15204,"Drought","India",8,1480669.65,25895
15208,"Flood","India",8,6100399.63,49396
15221,"Flood","USA",8,10222866.7,43264
15235,"Flood","Philippines",8,9724952.38,33373
15247,"Wildfire","Philippines",8,3745573.16,42708
15252,"Drought","Turkey",8,12172175.74,45036
15256,"Wildfire","Italy",8,4760250.48,38887
15269,"Wildfire","Philippines",8,3616723.04,37953
15288,"Volcanic Eruption","Chile",8,4662935.36,39721
15294,"Earthquake","Japan",8,5117569.6,43375
15306,"Earthquake","Philippines",8,7309622.3,33346
15308,"Hurricane","Indonesia",8,5014115.26,36325
15310,"Volcanic Eruption","Indonesia",8,2093349.31,40949
15312,"Drought","Chile",8,14807091.72,51165
15329,"Drought","Philippines",8,10658570.38,50925
15339,"Earthquake","USA",8,8970564.01,43227
15341,"Hurricane","Chile",8,9775743.74,34812
15345,"Flood","USA",8,5314880.0,36883
15351,"Drought","Chile",8,3314696.11,32556
15369,"Landslide","Indonesia",8,9584369.31,35337
15372,"Landslide","Philippines",8,2967074.53,43550
15404,"Volcanic Eruption","Indonesia",8,3720356.9,33748
15407,"Volcanic Eruption","USA",8,9255650.09,34037
15413,"Volcanic Eruption","Italy",8,4327930.53,42413
15416,"Wildfire","Indonesia",8,11040530.15,46452
15426,"Volcanic Eruption","Indonesia",8,6165140.56,41575
15435,"Flood","USA",8,9010065.41,42099
15440,"Flood","India",8,14807020.85,50007
15448,"Flood","Philippines",8,11103004.92,38908
15455,"Volcanic Eruption","Indonesia",8,3092631.75,54891
15470,"Landslide","Indonesia",8,9940695.44,37137
15476,"Hurricane","Chile",8,10422747.68,36531
15479,"Hurricane","Japan",8,4521658.77,47263
15480,"Drought","Italy",8,2319197.62,31152
15484,"Volcanic Eruption","USA",8,10672273.03,40218
15487,"Volcanic Eruption","Chile",8,4280945.19,35523
15504,"Drought","Italy",8,9289062.0,39568
15508,"Landslide","Japan",8,6014737.0,39757
15519,"Earthquake","Philippines",8,4919457.8,29011
15528,"Hurricane","Italy",8,8922593.4,41279
15530,"Wildfire","Chile",8,6330815.61,41939
15531,"Hurricane","Chile",8,5703885.64,42788
15536,"Hurricane","Turkey",8,5589207.43,29677
15573,"Hurricane","India",8,4168597.58,42665
15578,"Hurricane","Italy",8,7697166.64,36195
15580,"Landslide","Indonesia",8,7081888.69,50693
15599,"Earthquake","India",8,2903344.96,47569
15600,"Hurricane","Philippines",8,7487629.26,52301
15602,"Hurricane","India",8,2547401.55,33530
15607,"Drought","Indonesia",8,9398464.91,49688
15619,"Landslide","India",8,2868539.83,16594
15627,"Flood","Chile",8,6590680.16,38891
15636,"Flood","USA",8,6579784.74,24744
15646,"Flood","India",8,4084588.64,35810
15665,"Earthquake","Turkey",8,3084607.6,37732
15668,"Volcanic Eruption","USA",8,12847022.75,44265
15670,"Drought","Chile",8,3104149.29,35722
15676,"Landslide","Japan",8,1869200.43,29547
15681,"Volcanic Eruption","Turkey",8,14108044.9,52521
15682,"Wildfire","Chile",8,10397085.05,44784
15685,"Earthquake","Japan",8,2678476.73,38251
15707,"Earthquake","India",8,4929826.19,34309
15716,"Wildfire","Italy",8,4491561.07,40798
15721,"Hurricane","Indonesia",8,7625291.08,41762
15726,"Volcanic Eruption","Indonesia",8,9319246.22,34640
15729,"Drought","Indonesia",8,8052021.45,58348
15732,"Wildfire","Turkey",8,6545245.39,43079
15734,"Flood","Japan",8,4764456.51,41284
15740,"Flood","USA",8,9110029.17,44084
15744,"Earthquake","Philippines",8,6669760.74,38750
15750,"Landslide","Italy",8,2949547.29,43254
15754,"Earthquake","Indonesia",8,12794295.92,44818
15770,"Hurricane","Japan",8,3553417.77,46550
15776,"Flood","Indonesia",8,1817357.3,32465
15783,"Flood","Turkey",8,12397124.87,51012
15798,"Flood","Turkey",8,7040416.14,41802
15800,"Volcanic Eruption","Chile",8,5515326.01,38714
15802,"Landslide","India",8,6048909.5,51219
15804,"Earthquake","Indonesia",8,11742803.88,46509
15815,"Hurricane","Philippines",8,2566373.1,49455
15849,"Flood","Japan",8,8723665.32,39130
15860,"Drought","Turkey",8,10300036.23,42565
15884,"Flood","Indonesia",8,4805126.32,36819
15902,"Hurricane","Italy",8,1602762.73,25198
15904,"Hurricane","Italy",8,3687074.26,48516
15941,"Drought","USA",8,6090812.22,32903
15968,"Drought","Philippines",8,4742452.05,34273
15980,"Landslide","Japan",8,7607873.84,36739
15986,"Flood","Japan",8,1824649.6,27366
15988,"Drought","Turkey",8,7244658.22,45901
15996,"Earthquake","Indonesia",8,8803827.44,40988
16001,"Hurricane","Indonesia",8,11035554.65,44458
16054,"Volcanic Eruption","Italy",8,3970688.21,43456
16073,"Flood","Indonesia",8,1419802.0,28029
16074,"Drought","Japan",8,6790991.34,40637
16093,"Flood","Chile",8,5737854.46,27684
16101,"Hurricane","Indonesia",8,14394645.78,49937
16104,"Flood","Italy",8,10569385.43,46278
16114,"Wildfire","India",8,2945219.49,44711
16139,"Flood","Indonesia",8,3311512.7,24216
16146,"Wildfire","Indonesia",8,9412990.34,45339
16148,"Volcanic Eruption","India",8,2721514.11,48286
16170,"Landslide","USA",8,9138285.79,53896
16171,"Hurricane","USA",8,6092298.43,38178
16199,"Landslide","India",8,5709218.69,33164
16202,"Hurricane","Chile",8,3096318.24,41561
16206,"Flood","USA",8,2593131.31,34010
16216,"Volcanic Eruption","India",8,7038088.19,45348
16218,"Drought","Chile",8,8357712.09,37277
16228,"Drought","Japan",8,7035616.88,26057
16240,"Landslide","Italy",8,9382142.65,45803
16254,"Hurricane","Japan",8,5453973.19,37494
16257,"Drought","Indonesia",8,10819982.68,48123
16258,"Landslide","Turkey",8,2942923.49,44921
16294,"Earthquake","USA",8,8342168.08,36736
16315,"Landslide","Italy",8,3324602.49,30493
16321,"Wildfire","Italy",8,11287980.46,49445
16327,"Wildfire","India",8,7576333.19,39860
16353,"Volcanic Eruption","Italy",8,3657338.42,31113
16358,"Wildfire","Turkey",8,10049506.3,42340
16361,"Hurricane","Chile",8,10189784.58,40848
16367,"Earthquake","Indonesia",8,2370752.42,13899
16373,"Flood","Japan",8,6839166.62,34285
16413,"Landslide","USA",8,11035774.18,40041
16417,"Landslide","Chile",8,2796647.87,44750
16419,"Landslide","Indonesia",8,10739063.58,45929
16425,"Landslide","Turkey",8,12628784.3,46951
16432,"Hurricane","Japan",8,7009354.84,42301
16434,"Earthquake","USA",8,9570007.79,34655
16441,"Volcanic Eruption","Turkey",8,7703544.97,42636
16452,"Drought","Philippines",8,2273131.97,33423
16478,"Earthquake","USA",8,6589606.73,42417
16493,"Flood","India",8,6744428.44,42937
16502,"Volcanic Eruption","Italy",8,7652660.61,36411
16506,"Drought","USA",8,7580152.8,33338
16512,"Hurricane","Indonesia",8,10767880.13,43508
16514,"Volcanic Eruption","USA",8,6548762.29,27440
16515,"Wildfire","India",8,4145869.11,44456
16518,"Hurricane","Indonesia",8,10504202.1,42579
16530,"Landslide","India",8,5183503.56,39786
16543,"Volcanic Eruption","Turkey",8,1437614.28,21455
16544,"Flood","Chile",8,7530294.51,34020
16557,"Volcanic Eruption","Italy",8,2459743.29,45975
16560,"Earthquake","Italy",8,3650071.86,40394
16565,"Volcanic Eruption","Philippines",8,10195077.01,50877
16570,"Drought","Italy",8,8055656.65,40591
16590,"Landslide","USA",8,3856432.13,35150
16601,"Flood","Chile",8,4926865.58,38576
16613,"Flood","Japan",8,2749921.58,39898
16618,"Wildfire","Italy",8,6394470.86,42739
16630,"Earthquake","Chile",8,6702519.98,36928
16638,"Wildfire","Philippines",8,5120614.31,35075
16641,"Drought","USA",8,8867187.89,37634
16646,"Volcanic Eruption","USA",8,7292035.21,35932
16652,"Flood","Indonesia",8,13911697.46,52559
16663,"Flood","Philippines",8,10357012.04,35323
16672,"Hurricane","Turkey",8,1992041.06,34971
16678,"Landslide","Japan",8,2636032.69,40151
16687,"Drought","India",8,10030055.5,41245
16701,"Wildfire","USA",8,8930650.79,39377
16719,"Wildfire","Italy",8,6614560.77,45960
16727,"Hurricane","Italy",8,15985068.86,55633
16730,"Landslide","Philippines",8,4032482.41,55624
16732,"Earthquake","India",8,4764212.06,36600
16738,"Landslide","Turkey",8,5676293.02,31792
16740,"Landslide","Indonesia",8,12104634.39,47349
16745,"Flood","Chile",8,7417055.25,40812
16750,"Earthquake","Philippines",8,4608368.62,21633
16751,"Drought","Turkey",8,2861858.94,34239
16756,"Hurricane","Japan",8,4679546.67,48592
16757,"Landslide","Turkey",8,14714410.42,49701
16766,"Hurricane","Philippines",8,8130537.09,44434
16773,"Earthquake","Indonesia",8,10682891.84,36945
16778,"Drought","USA",8,7030111.47,52601
16786,"Landslide","Philippines",8,9157944.08,32187
16793,"Drought","Philippines",8,12283312.36,45579
16826,"Drought","Italy",8,2903797.83,38158
16844,"Volcanic Eruption","Italy",8,7037778.93,53967
16850,"Wildfire","Chile",8,2124428.14,41911
16856,"Earthquake","USA",8,8768345.8,38897
16864,"Volcanic Eruption","India",8,4793199.84,45903
16867,"Wildfire","Chile",8,8541334.06,44157
16873,"Wildfire","Japan",8,4300579.59,28789
16876,"Flood","India",8,2910296.9,37192
16910,"Earthquake","India",8,4105963.84,27953
16922,"Flood","USA",8,9582840.46,34103
16923,"Hurricane","Philippines",8,10317352.7,34626
16925,"Hurricane","USA",8,5765081.4,26050
16942,"Flood","India",8,6444434.86,43222
16945,"Flood","Philippines",8,3691626.8,52334
16980,"Landslide","Italy",8,3047387.58,30246
16987,"Hurricane","India",8,4717911.99,43902
16988,"Earthquake","USA",8,4858126.89,27734
16994,"Drought","Italy",8,8636704.62,39795
16995,"Landslide","India",8,7459106.82,28667
16998,"Flood","Chile",8,2857374.62,42521
17000,"Wildfire","Philippines",8,5627143.96,25713
17001,"Volcanic Eruption","Turkey",8,6033558.43,36304
17006,"Hurricane","Chile",8,5672475.62,35792
17010,"Landslide","Chile",8,12518384.69,46021
17013,"Hurricane","Italy",8,9501204.73,32862
17032,"Drought","Turkey",8,4524962.22,49593
17055,"Wildfire","USA",8,6562189.44,36604
17066,"Volcanic Eruption","Japan",8,5718742.14,21732
17079,"Landslide","Japan",8,4731970.72,28350
17082,"Drought","Japan",8,5577680.75,42107
17107,"Drought","USA",8,4837096.78,32471
17108,"Hurricane","Chile",8,4103916.89,36932
17112,"Drought","Italy",8,10493324.4,36843
17142,"Flood","USA",8,10068766.42,44631
17177,"Wildfire","Indonesia",8,6711651.9,36188
17178,"Flood","Japan",8,3206416.48,39544
17187,"Volcanic Eruption","Japan",8,13017011.03,44912
17196,"Flood","India",8,15720298.4,53996
17199,"Earthquake","Philippines",8,7345876.1,26966
17220,"Volcanic Eruption","India",8,7071571.45,46967
17222,"Hurricane","Italy",8,6087149.26,36233
17232,"Hurricane","Italy",8,14307616.75,51122
17245,"Hurricane","Japan",8,10176279.77,36294
17299,"Volcanic Eruption","Indonesia",8,4517439.46,29085
17311,"Volcanic Eruption","Indonesia",8,5511215.64,48983
17320,"Flood","Indonesia",8,3053510.49,31353
17340,"Flood","Italy",8,2063521.85,39270
17346,"Volcanic Eruption","India",8,3918386.14,43033
17347,"Earthquake","Turkey",8,11241107.92,45500
17364,"Drought","USA",8,8171750.54,37320
17372,"Landslide","Indonesia",8,4264580.09,43849
17374,"Flood","Indonesia",8,10409771.08,46625
17380,"Volcanic Eruption","India",8,3129624.84,49251
17382,"Volcanic Eruption","Italy",8,5764763.31,53065
17386,"Landslide","Indonesia",8,2040750.31,40384
17388,"Hurricane","USA",8,7869360.67,50988
17391,"Hurricane","Turkey",8,7766943.07,44691
17398,"Drought","Italy",8,11964378.95,47050
17422,"Drought","USA",8,11293759.93,41128
17447,"Landslide","Indonesia",8,5708410.8,38916
17459,"Wildfire","Japan",8,4662475.45,50774
17494,"Flood","Italy",8,13351667.11,46472
17497,"Earthquake","Chile",8,3824740.2,37433
17504,"Flood","Turkey",8,12583592.18,45959
17568,"Volcanic Eruption","Indonesia",8,8221034.91,48788
17573,"Drought","Italy",8,3498204.19,31630
17584,"Volcanic Eruption","Philippines",8,7768083.19,38846
17588,"Hurricane","Philippines",8,7551765.9,33872
17590,"Flood","Indonesia",8,4638104.24,49018
17594,"Flood","Japan",8,3274201.64,33908
17601,"Drought","Turkey",8,3914365.56,41959
17646,"Earthquake","Italy",8,4118518.77,29590
17655,"Drought","USA",8,4951668.36,40022
17668,"Flood","USA",8,5503924.41,35331
17671,"Landslide","Italy",8,7204652.93,53334
17674,"Drought","Indonesia",8,6314002.08,38464
17675,"Flood","Japan",8,8694978.26,35521
17680,"Drought","Italy",8,2618868.85,37247
17686,"Landslide","Chile",8,5351900.13,48721
17723,"Earthquake","Italy",8,4078732.74,43797
17749,"Wildfire","USA",8,11346529.04,50954
17756,"Landslide","Philippines",8,7850903.42,37079
17759,"Drought","Chile",8,7186284.16,49357
17761,"Drought","Indonesia",8,10117535.8,49250
17762,"Wildfire","Indonesia",8,3183539.83,23967
17769,"Hurricane","Chile",8,2675961.64,32762
17775,"Wildfire","Turkey",8,6007034.9,54482
17782,"Volcanic Eruption","Japan",8,11960282.53,55532
17798,"Drought","USA",8,5811783.6,27619
17801,"Hurricane","Chile",8,11834504.47,50939
17802,"Drought","Italy",8,5750757.49,25118
17810,"Drought","Italy",8,9680431.82,44369
17813,"Volcanic Eruption","USA",8,6424547.43,36167
17818,"Flood","India",8,6031207.1,28945
17837,"Earthquake","Italy",8,12633350.36,45590
17845,"Drought","Japan",8,10353791.54,51747
17850,"Drought","USA",8,5134983.77,42621
17857,"Earthquake","USA",8,6333980.5,37501
17885,"Wildfire","Philippines",8,6148565.0,51568
17887,"Volcanic Eruption","India",8,8564212.22,47373
17895,"Landslide","Japan",8,11811642.2,54851
17916,"Volcanic Eruption","India",8,6925708.54,30403
17932,"Drought","Chile",8,7789660.36,36034
17950,"Landslide","USA",8,9121577.33,30940
17959,"Earthquake","Philippines",8,3367777.93,35371
17964,"Flood","India",8,12704780.47,45541
17965,"Drought","Turkey",8,7785372.73,48842
17981,"Drought","Italy",8,5680165.36,38831
17986,"Earthquake","USA",8,4761370.31,29092
18019,"Hurricane","India",8,3266549.99,29068
18036,"Flood","Japan",8,4238287.68,44169
18050,"Wildfire","Italy",8,3569074.54,37647
18055,"Drought","Philippines",8,2030674.78,30061
18074,"Earthquake","Japan",8,7745091.13,46417
18083,"Volcanic Eruption","Indonesia",8,1525142.95,23940
18096,"Volcanic Eruption","India",8,10797852.0,39924
18097,"Volcanic Eruption","Turkey",8,6586701.14,32903
18106,"Hurricane","Italy",8,10062385.32,50993
18117,"Flood","India",8,8309806.35,37082
18121,"Flood","Philippines",8,9766229.94,45708
18134,"Hurricane","Chile",8,6454504.86,50467
18137,"Landslide","Chile",8,6259789.51,33055
18139,"Hurricane","USA",8,9793885.12,52483
18143,"Wildfire","Indonesia",8,6985763.54,37351
18152,"Wildfire","Turkey",8,4735710.41,28799
18153,"Landslide","Japan",8,4992239.64,31828
18156,"Hurricane","Japan",8,7477179.66,39701
18164,"Wildfire","USA",8,11006359.78,41257
18167,"Hurricane","India",8,13369118.16,46069
18183,"Volcanic Eruption","Philippines",8,3833523.34,52916
18191,"Landslide","Italy",8,8671207.78,35816
18192,"Wildfire","Italy",8,5049412.95,27348
18209,"Drought","Indonesia",8,5911865.16,39222
18215,"Drought","Turkey",8,5574836.59,53353
18219,"Drought","Japan",8,6636862.86,39650
18262,"Flood","USA",8,1988507.73,32617
18289,"Earthquake","USA",8,11728379.37,39100
18291,"Volcanic Eruption","India",8,10154599.98,45481
18301,"Flood","Philippines",8,8106748.77,40143
18302,"Drought","Philippines",8,7701362.2,35398
18307,"Earthquake","Turkey",8,2892539.53,38342
18321,"Volcanic Eruption","USA",8,9252568.87,39509
18322,"Volcanic Eruption","Japan",8,4983495.55,25886
18328,"Hurricane","Italy",8,11519136.24,46234
18329,"Earthquake","USA",8,7351201.19,32702
18339,"Earthquake","Turkey",8,8397189.94,41877
18342,"Volcanic Eruption","Italy",8,1440098.77,24899
18350,"Earthquake","Japan",8,4677082.41,35279
18352,"Flood","Chile",8,10114575.96,54460
18360,"Landslide","Philippines",8,10623810.86,40179
18366,"Wildfire","Italy",8,8895050.75,45844
18381,"Landslide","Philippines",8,2435134.06,41872
18387,"Landslide","Japan",8,7796783.4,29930
18417,"Hurricane","Chile",8,6211225.78,40429
18432,"Volcanic Eruption","Italy",8,11351196.97,47804
18436,"Earthquake","Indonesia",8,2324163.19,25401
18482,"Hurricane","Japan",8,10242961.6,53083
18485,"Earthquake","USA",8,10468140.45,36532
18487,"Drought","Italy",8,6258341.07,37166
18503,"Earthquake","USA",8,4051921.56,30982
18508,"Flood","Turkey",8,10713479.06,42802
18516,"Volcanic Eruption","Italy",8,9875798.04,42285
18526,"Earthquake","Philippines",8,6894753.11,45269
18541,"Flood","Indonesia",8,7004663.21,27409
18549,"Drought","Chile",8,6046017.75,45036
18552,"Wildfire","Japan",8,9546528.6,46947
18563,"Volcanic Eruption","USA",8,4516053.98,26033
18571,"Volcanic Eruption","USA",8,2669302.43,52108
18578,"Drought","USA",8,9048801.44,30886
18581,"Volcanic Eruption","India",8,3294208.07,37996
18601,"Hurricane","Italy",8,6941057.09,51264
18602,"Hurricane","Italy",8,10497296.56,35672
18604,"Flood","USA",8,9701750.07,35671
18608,"Flood","Indonesia",8,7760655.73,34182
18626,"Drought","Italy",8,4222313.8,31075
18629,"Flood","Italy",8,7478079.3,35408
18636,"Drought","India",8,7241931.06,49104
18643,"Volcanic Eruption","USA",8,9483056.86,31760
18650,"Hurricane","Chile",8,10222234.62,44228
18654,"Earthquake","Japan",8,10689560.97,39269
18659,"Drought","India",8,8854029.31,40771
18660,"Earthquake","USA",8,2130677.89,24098
18662,"Wildfire","USA",8,13734881.22,46257
18665,"Volcanic Eruption","Philippines",8,3598458.45,36851
18672,"Flood","USA",8,5689304.14,39365
18676,"Earthquake","Japan",8,7749751.76,39286
18677,"Drought","Philippines",8,6480623.82,40433
18678,"Landslide","India",8,5354669.21,30807
18680,"Earthquake","Philippines",8,8886267.52,33218
18682,"Wildfire","Philippines",8,8373385.33,33575
18702,"Hurricane","Indonesia",8,13080032.16,43666
18705,"Wildfire","India",8,9244280.54,32004
18717,"Wildfire","India",8,6747045.17,41849
18726,"Earthquake","Italy",8,5837865.1,32313
18729,"Volcanic Eruption","Turkey",8,10172098.17,48166
18733,"Hurricane","Indonesia",8,13689293.03,53181
18736,"Volcanic Eruption","Philippines",8,11013683.76,42697
18739,"Drought","Philippines",8,4654397.43,34352
18757,"Landslide","Philippines",8,3268887.9,40708
18760,"Flood","Japan",8,5659746.69,42615
18775,"Drought","India",8,6367843.94,44594
18776,"Earthquake","Indonesia",8,8754231.48,48202
18801,"Wildfire","Chile",8,11823573.4,40449
18816,"Landslide","Turkey",8,2622120.74,41288
18826,"Wildfire","USA",8,6260953.07,35263
18833,"Drought","USA",8,5654169.76,46245
18836,"Hurricane","Philippines",8,11925073.34,47954
18844,"Wildfire","Philippines",8,3574538.0,42637
18848,"Flood","Italy",8,10982747.4,37189
18856,"Flood","Philippines",8,2334571.1,18904
18858,"Volcanic Eruption","USA",8,9792996.85,44328
18864,"Drought","Indonesia",8,9087367.01,31783
18869,"Volcanic Eruption","Indonesia",8,8928887.46,43902
18920,"Volcanic Eruption","India",8,6379122.88,47654
18942,"Flood","Japan",8,10857670.09,44650
18944,"Volcanic Eruption","Indonesia",8,6169171.98,42855
18947,"Hurricane","Italy",8,1835178.69,22259
18951,"Volcanic Eruption","Chile",8,9085008.82,43436
18960,"Earthquake","Philippines",8,3397113.95,42463
18967,"Volcanic Eruption","Indonesia",8,2518688.62,36863
18972,"Earthquake","Indonesia",8,3791379.31,27061
18982,"Landslide","Italy",8,8151764.11,40063
18989,"Earthquake","India",8,2320521.45,34899
18993,"Landslide","USA",8,11727424.89,42892
18999,"Landslide","Japan",8,7607122.78,37402
19003,"Flood","Japan",8,3583519.97,24257
19022,"Landslide","Philippines",8,2085852.92,25192
19034,"Flood","India",8,3618995.68,36221
19046,"Drought","Turkey",8,2466373.77,33778
19057,"Volcanic Eruption","Turkey",8,4735709.34,26067
19073,"Drought","Chile",8,9093495.52,30628
19077,"Hurricane","Italy",8,5535439.76,38762
19091,"Landslide","USA",8,5512063.14,53984
19094,"Hurricane","Japan",8,3982962.67,32760
19106,"Drought","India",8,1756590.26,30429
19110,"Volcanic Eruption","Italy",8,9853375.62,36301
19135,"Wildfire","Indonesia",8,4506046.77,31942
19144,"Earthquake","Japan",8,4683523.24,25798
19145,"Volcanic Eruption","Indonesia",8,6545214.22,33409
19149,"Drought","USA",8,9812067.8,49060
19153,"Wildfire","India",8,9263129.89,51312
19156,"Landslide","Italy",8,3314835.21,30864
19179,"Drought","Turkey",8,5293667.18,43499
19189,"Volcanic Eruption","Philippines",8,8288499.93,34889
19195,"Flood","Indonesia",8,5203383.51,42677
19209,"Wildfire","USA",8,11851701.63,43943
19215,"Wildfire","Indonesia",8,7117366.95,46432
19216,"Landslide","Italy",8,7053733.12,33045
19217,"Hurricane","Italy",8,8243406.94,31663
19230,"Drought","Philippines",8,10402746.31,39386
19231,"Volcanic Eruption","Italy",8,3695599.9,28997
19242,"Volcanic Eruption","Chile",8,13760141.55,47090
19246,"Hurricane","Turkey",8,6966780.83,41593
19247,"Earthquake","Chile",8,13639613.44,58556
19253,"Volcanic Eruption","Italy",8,9010371.45,39494
19275,"Wildfire","India",8,5548869.26,28647
19277,"Flood","Chile",8,9847249.21,41224
19281,"Hurricane","Turkey",8,10913081.07,40110
19285,"Earthquake","Philippines",8,4975618.06,42455
19298,"Earthquake","Chile",8,6963794.94,35955
19313,"Drought","Chile",8,5657456.79,24960
19320,"Earthquake","Turkey",8,5363117.73,28496
19343,"Landslide","Chile",8,3241844.15,26822
19368,"Volcanic Eruption","Italy",8,2453609.99,46869
19371,"Hurricane","Japan",8,3310750.79,29797
19378,"Hurricane","Japan",8,5356966.94,44975
19398,"Volcanic Eruption","Japan",8,5662364.97,31427
19412,"Volcanic Eruption","Italy",8,3680547.73,32149
19417,"Drought","USA",8,6313306.73,32655
19418,"Hurricane","Japan",8,10613682.5,47900
19420,"Hurricane","Italy",8,5372309.91,34501
19421,"Landslide","Philippines",8,3284196.92,32111
19430,"Earthquake","Philippines",8,1781357.04,34714
19431,"Landslide","Chile",8,2967095.34,36956
19432,"Volcanic Eruption","Italy",8,1528761.9,29908
19440,"Wildfire","Chile",8,2229816.01,37892
19442,"Hurricane","Philippines",8,8285549.36,37805
19446,"Drought","Japan",8,9614595.25,42515
19447,"Wildfire","Indonesia",8,15207117.01,51337
19454,"Wildfire","USA",8,5008542.22,27107
19456,"Drought","Indonesia",8,3320459.05,34821
19478,"Landslide","Philippines",8,6214383.86,40161
19508,"Volcanic Eruption","Turkey",8,5756543.09,28594
19529,"Earthquake","Indonesia",8,6382949.1,42985
19542,"Landslide","Turkey",8,7615394.62,37955
19545,"Earthquake","Italy",8,4012548.89,54220
19548,"Volcanic Eruption","Chile",8,7571794.43,32888
19554,"Earthquake","Turkey",8,6227393.94,32310
19557,"Earthquake","Chile",8,2535062.46,43585
19565,"Hurricane","India",8,2407028.2,39725
19573,"Wildfire","India",8,3316401.61,31178
19586,"Hurricane","India",8,2637069.49,43838
19597,"Flood","Italy",8,5238062.08,39101
19598,"Drought","USA",8,8226344.15,30105
19616,"Flood","India",8,2427654.68,30214
19620,"Drought","Turkey",8,7836844.95,33636
19640,"Drought","Chile",8,2496652.32,44726
19642,"Volcanic Eruption","Philippines",8,7048306.45,49272
19644,"Flood","Turkey",8,9251182.22,31978
19645,"Flood","Indonesia",8,2681041.66,53299
19681,"Volcanic Eruption","India",8,13025220.8,49907
19685,"Hurricane","Italy",8,11146801.91,47909
19691,"Hurricane","Philippines",8,3417212.8,38150
19714,"Earthquake","Turkey",8,7602868.38,35886
19724,"Volcanic Eruption","Chile",8,4335558.93,52154
19727,"Flood","Indonesia",8,6005071.39,38246
19742,"Hurricane","Japan",8,1976214.48,21142
19749,"Volcanic Eruption","Japan",8,6005131.38,38934
19760,"Hurricane","Turkey",8,1658760.55,31048
19778,"Volcanic Eruption","Italy",8,12454840.81,45430
19784,"Earthquake","Turkey",8,8077089.29,47825
19795,"Earthquake","Japan",8,6286115.95,39045
19798,"Earthquake","Philippines",8,3852752.83,39951
19809,"Landslide","Philippines",8,4873306.94,34480
19830,"Landslide","Chile",8,11474289.39,51259
19845,"Flood","Turkey",8,12271880.99,52358
19848,"Drought","USA",8,5608154.33,30172
19850,"Earthquake","Italy",8,4078892.5,42693
19857,"Landslide","Indonesia",8,5745978.93,36920
19860,"Wildfire","Italy",8,4668208.63,45646
19865,"Hurricane","Japan",8,6836006.31,44559
19867,"Landslide","USA",8,11246835.72,57426
19869,"Flood","Italy",8,5711804.46,39243
19871,"Hurricane","India",8,9741768.95,34751
19881,"Landslide","Philippines",8,5383773.71,50285
19886,"Landslide","Japan",8,9289787.16,34629
19899,"Hurricane","Philippines",8,9774106.7,55487
19904,"Volcanic Eruption","USA",8,3942826.41,38310
19926,"Landslide","Philippines",8,2619119.87,32229
19940,"Landslide","Turkey",8,4130271.93,15109
19948,"Drought","Indonesia",8,3366975.32,40225
19981,"Drought","India",8,7792488.03,34549
19984,"Landslide","Italy",8,12095008.58,41475
19985,"Flood","USA",8,3809104.11,42342
19988,"Earthquake","Philippines",8,9230897.59,52217
19989,"Wildfire","India",8,7300982.03,40235
